flask,Target,lake,strain,temp,genotype,Trophic,combo,mean.b20.CT.metric,Crash_Numeric,Crash,ExpPhase,ExpPhase_Z,wk2,wk2_Z,wk3,wk3_Z,wk4,wk4_Z,Type,CT.metric
21,ClpB,AR,AR19-01,24,LG,HN,HNLG,0.628506687,3,3,0.3588,-0.3324,0.3588,0.4427,-0.134,-1.0628,-0.0975,-0.5796,HSP Gene,-0.462236869
21,DnaJ,AR,AR19-01,24,LG,HN,HNLG,0.933032992,3,3,0.3588,-0.3324,0.3588,0.4427,-0.134,-1.0628,-0.0975,-0.5796,HSP Gene,-0.06926621
21,DnaK-fp,AR,AR19-01,24,LG,HN,HNLG,0.628506687,3,3,0.3588,-0.3324,0.3588,0.4427,-0.134,-1.0628,-0.0975,-0.5796,HSP Gene,-0.462236869
21,DnaK1,AR,AR19-01,24,LG,HN,HNLG,1.101905116,3,3,0.3588,-0.3324,0.3588,0.4427,-0.134,-1.0628,-0.0975,-0.5796,HSP Gene,0.097135788
21,DnaK3,AR,AR19-01,24,LG,HN,HNLG,0.646176415,3,3,0.3588,-0.3324,0.3588,0.4427,-0.134,-1.0628,-0.0975,-0.5796,HSP Gene,-0.434762196
21,GroEL,AR,AR19-01,24,LG,HN,HNLG,0.888842681,3,3,0.3588,-0.3324,0.3588,0.4427,-0.134,-1.0628,-0.0975,-0.5796,HSP Gene,-0.117694879
21,GroES,AR,AR19-01,24,LG,HN,HNLG,0.901250463,3,3,0.3588,-0.3324,0.3588,0.4427,-0.134,-1.0628,-0.0975,-0.5796,HSP Gene,-0.103862959
21,GrpE,AR,AR19-01,24,LG,HN,HNLG,1.057018041,3,3,0.3588,-0.3324,0.3588,0.4427,-0.134,-1.0628,-0.0975,-0.5796,HSP Gene,0.055482846
21,Hep,AR,AR19-01,24,LG,HN,HNLG,0.835087919,3,3,0.3588,-0.3324,0.3588,0.4427,-0.134,-1.0628,-0.0975,-0.5796,Toxin Gene,-0.179890598
21,HrcA,AR,AR19-01,24,LG,HN,HNLG,0.61985385,3,3,0.3588,-0.3324,0.3588,0.4427,-0.134,-1.0628,-0.0975,-0.5796,HSP Gene,-0.475968436
21,Hsp20,AR,AR19-01,24,LG,HN,HNLG,1.101905116,3,3,0.3588,-0.3324,0.3588,0.4427,-0.134,-1.0628,-0.0975,-0.5796,HSP Gene,0.097135788
21,HspA,AR,AR19-01,24,LG,HN,HNLG,1775.005099,3,3,0.3588,-0.3324,0.3588,0.4427,-0.134,-1.0628,-0.0975,-0.5796,HSP Gene,8.076544259
21,HtpG,AR,AR19-01,24,LG,HN,HNLG,1.753211443,3,3,0.3588,-0.3324,0.3588,0.4427,-0.134,-1.0628,-0.0975,-0.5796,HSP Gene,0.564645382
22,ClpB,BU,BU19-01,24,LG,LN,LNLG,1.094293701,4,4,0.1556,0.8239,0.2209,1.5575,0.1025,0.2265,-0.0553,-1.5466,HSP Gene,0.0901912
22,DnaJ,BU,BU19-01,24,LG,LN,LNLG,0.926588062,4,4,0.1556,0.8239,0.2209,1.5575,0.1025,0.2265,-0.0553,-1.5466,HSP Gene,-0.076187498
22,DnaK-fp,BU,BU19-01,24,LG,LN,LNLG,1.337927555,4,4,0.1556,0.8239,0.2209,1.5575,0.1025,0.2265,-0.0553,-1.5466,HSP Gene,0.291979577
22,DnaK1,BU,BU19-01,24,LG,LN,LNLG,15.45498126,4,4,0.1556,0.8239,0.2209,1.5575,0.1025,0.2265,-0.0553,-1.5466,HSP Gene,2.81506683
22,DnaK3,BU,BU19-01,24,LG,LN,LNLG,1.231144413,4,4,0.1556,0.8239,0.2209,1.5575,0.1025,0.2265,-0.0553,-1.5466,HSP Gene,0.208381542
22,GroEL,BU,BU19-01,24,LG,LN,LNLG,0.888842681,4,4,0.1556,0.8239,0.2209,1.5575,0.1025,0.2265,-0.0553,-1.5466,HSP Gene,-0.117694879
22,GroES,BU,BU19-01,24,LG,LN,LNLG,0.781858096,4,4,0.1556,0.8239,0.2209,1.5575,0.1025,0.2265,-0.0553,-1.5466,HSP Gene,-0.24547135
22,GrpE,BU,BU19-01,24,LG,LN,LNLG,0.864537231,4,4,0.1556,0.8239,0.2209,1.5575,0.1025,0.2265,-0.0553,-1.5466,HSP Gene,-0.145347098
22,Hep,BU,BU19-01,24,LG,LN,LNLG,0.709554035,4,4,0.1556,0.8239,0.2209,1.5575,0.1025,0.2265,-0.0553,-1.5466,Toxin Gene,-0.341932173
22,HrcA,BU,BU19-01,24,LG,LN,LNLG,1.2397077,4,4,0.1556,0.8239,0.2209,1.5575,0.1025,0.2265,-0.0553,-1.5466,HSP Gene,0.215342681
22,Hsp20,BU,BU19-01,24,LG,LN,LNLG,15.45498126,4,4,0.1556,0.8239,0.2209,1.5575,0.1025,0.2265,-0.0553,-1.5466,HSP Gene,2.81506683
22,HspA,BU,BU19-01,24,LG,LN,LNLG,0.080772052,4,4,0.1556,0.8239,0.2209,1.5575,0.1025,0.2265,-0.0553,-1.5466,HSP Gene,-2.453245852
22,HtpG,BU,BU19-01,24,LG,LN,LNLG,0.882702996,4,4,0.1556,0.8239,0.2209,1.5575,0.1025,0.2265,-0.0553,-1.5466,HSP Gene,-0.124609386
23,ClpB,BU,BU19-02,24,LG,LN,LNLG,6.964404506,3,3,0.0221,-0.95044,0.8184,1.4668,-0.6604,0.0221,0,-0.8954,HSP Gene,1.979362281
23,DnaJ,BU,BU19-02,24,LG,LN,LNLG,2.770218936,3,3,0.0221,-0.95044,0.8184,1.4668,-0.6604,0.0221,0,-0.8954,HSP Gene,1.029485662
23,DnaK-fp,BU,BU19-02,24,LG,LN,LNLG,1.647182035,3,3,0.0221,-0.95044,0.8184,1.4668,-0.6604,0.0221,0,-0.8954,HSP Gene,0.501590273
23,DnaK1,BU,BU19-02,24,LG,LN,LNLG,18.32654945,3,3,0.0221,-0.95044,0.8184,1.4668,-0.6604,0.0221,0,-0.8954,HSP Gene,2.995488425
23,DnaK3,BU,BU19-02,24,LG,LN,LNLG,1.580082624,3,3,0.0221,-0.95044,0.8184,1.4668,-0.6604,0.0221,0,-0.8954,HSP Gene,0.45959766
23,GroEL,BU,BU19-02,24,LG,LN,LNLG,0.550952558,3,3,0.0221,-0.95044,0.8184,1.4668,-0.6604,0.0221,0,-0.8954,HSP Gene,-0.592531616
23,GroES,BU,BU19-02,24,LG,LN,LNLG,0.363493129,3,3,0.0221,-0.95044,0.8184,1.4668,-0.6604,0.0221,0,-0.8954,HSP Gene,-1.001720239
23,GrpE,BU,BU19-02,24,LG,LN,LNLG,1.624504793,3,3,0.0221,-0.95044,0.8184,1.4668,-0.6604,0.0221,0,-0.8954,HSP Gene,0.487588815
23,Hep,BU,BU19-02,24,LG,LN,LNLG,1.375541818,3,3,0.0221,-0.95044,0.8184,1.4668,-0.6604,0.0221,0,-0.8954,Toxin Gene,0.319876819
23,HrcA,BU,BU19-02,24,LG,LN,LNLG,1.602139755,3,3,0.0221,-0.95044,0.8184,1.4668,-0.6604,0.0221,0,-0.8954,HSP Gene,0.473591278
23,Hsp20,BU,BU19-02,24,LG,LN,LNLG,4.112455307,3,3,0.0221,-0.95044,0.8184,1.4668,-0.6604,0.0221,0,-0.8954,HSP Gene,1.434410439
23,HspA,BU,BU19-02,24,LG,LN,LNLG,222.8609442,3,3,0.0221,-0.95044,0.8184,1.4668,-0.6604,0.0221,0,-0.8954,HSP Gene,5.71285804
23,HtpG,BU,BU19-02,24,LG,LN,LNLG,4.500233939,3,3,0.0221,-0.95044,0.8184,1.4668,-0.6604,0.0221,0,-0.8954,HSP Gene,1.527215198
24,ClpB,BU,BU19-04,24,LG,LN,LNLG,2.887858391,2,2,0.1431,-1.4982,-0.5849,-25.2729,0.7359,17.8611,-0.0369,-7.3772,HSP Gene,1.071957284
24,DnaJ,BU,BU19-04,24,LG,LN,LNLG,177.0420504,2,2,0.1431,-1.4982,-0.5849,-25.2729,0.7359,17.8611,-0.0369,-7.3772,HSP Gene,5.456730088
24,DnaK-fp,BU,BU19-04,24,LG,LN,LNLG,26.67576903,2,2,0.1431,-1.4982,-0.5849,-25.2729,0.7359,17.8611,-0.0369,-7.3772,HSP Gene,3.395124337
24,DnaK1,BU,BU19-04,24,LG,LN,LNLG,0.00638986,2,2,0.1431,-1.4982,-0.5849,-25.2729,0.7359,17.8611,-0.0369,-7.3772,HSP Gene,-4.80368792
24,DnaK3,BU,BU19-04,24,LG,LN,LNLG,19.76655715,2,2,0.1431,-1.4982,-0.5849,-25.2729,0.7359,17.8611,-0.0369,-7.3772,HSP Gene,3.075767815
24,GroEL,BU,BU19-04,24,LG,LN,LNLG,65.15379959,2,2,0.1431,-1.4982,-0.5849,-25.2729,0.7359,17.8611,-0.0369,-7.3772,HSP Gene,4.358027825
24,GroES,BU,BU19-04,24,LG,LN,LNLG,3.555370725,2,2,0.1431,-1.4982,-0.5849,-25.2729,0.7359,17.8611,-0.0369,-7.3772,HSP Gene,1.284851475
24,GrpE,BU,BU19-04,24,LG,LN,LNLG,7.833698497,2,2,0.1431,-1.4982,-0.5849,-25.2729,0.7359,17.8611,-0.0369,-7.3772,HSP Gene,2.101833765
24,Hep,BU,BU19-04,24,LG,LN,LNLG,11.0557602,2,2,0.1431,-1.4982,-0.5849,-25.2729,0.7359,17.8611,-0.0369,-7.3772,Toxin Gene,2.462231942
24,HrcA,BU,BU19-04,24,LG,LN,LNLG,34.95487091,2,2,0.1431,-1.4982,-0.5849,-25.2729,0.7359,17.8611,-0.0369,-7.3772,HSP Gene,3.684756195
24,Hsp20,BU,BU19-04,24,LG,LN,LNLG,0.00638986,2,2,0.1431,-1.4982,-0.5849,-25.2729,0.7359,17.8611,-0.0369,-7.3772,HSP Gene,-4.80368792
24,HspA,BU,BU19-04,24,LG,LN,LNLG,1.70431613,2,2,0.1431,-1.4982,-0.5849,-25.2729,0.7359,17.8611,-0.0369,-7.3772,HSP Gene,0.536045622
24,HtpG,BU,BU19-04,24,LG,LN,LNLG,15.88947993,2,2,0.1431,-1.4982,-0.5849,-25.2729,0.7359,17.8611,-0.0369,-7.3772,HSP Gene,2.844377698
25,ClpB,CH,CH19-02,24,LG,HN,HNLG,6.680703355,4,4,0.2105,-0.3269,0.2254,-0.2526,0.1985,-0.3875,-0.0202,-1.4826,HSP Gene,1.936128597
25,DnaJ,CH,CH19-02,24,LG,HN,HNLG,1.2397077,4,4,0.2105,-0.3269,0.2254,-0.2526,0.1985,-0.3875,-0.0202,-1.4826,HSP Gene,0.215342681
25,DnaK-fp,CH,CH19-02,24,LG,HN,HNLG,0.257028457,4,4,0.2105,-0.3269,0.2254,-0.2526,0.1985,-0.3875,-0.0202,-1.4826,HSP Gene,-1.340094353
25,DnaK1,CH,CH19-02,24,LG,HN,HNLG,0.001736021,4,4,0.2105,-0.3269,0.2254,-0.2526,0.1985,-0.3875,-0.0202,-1.4826,HSP Gene,-5.964991583
25,DnaK3,CH,CH19-02,24,LG,HN,HNLG,0.426317446,4,4,0.2105,-0.3269,0.2254,-0.2526,0.1985,-0.3875,-0.0202,-1.4826,HSP Gene,-0.845270808
25,GroEL,CH,CH19-02,24,LG,HN,HNLG,0.473028823,4,4,0.2105,-0.3269,0.2254,-0.2526,0.1985,-0.3875,-0.0202,-1.4826,HSP Gene,-0.742966774
25,GroES,CH,CH19-02,24,LG,HN,HNLG,0.348685917,4,4,0.2105,-0.3269,0.2254,-0.2526,0.1985,-0.3875,-0.0202,-1.4826,HSP Gene,-1.042450331
25,GrpE,CH,CH19-02,24,LG,HN,HNLG,1,4,4,0.2105,-0.3269,0.2254,-0.2526,0.1985,-0.3875,-0.0202,-1.4826,HSP Gene,0
25,Hep,CH,CH19-02,24,LG,HN,HNLG,0.194791145,4,4,0.2105,-0.3269,0.2254,-0.2526,0.1985,-0.3875,-0.0202,-1.4826,Toxin Gene,-1.609093044
25,HrcA,CH,CH19-02,24,LG,HN,HNLG,0.664342907,4,4,0.2105,-0.3269,0.2254,-0.2526,0.1985,-0.3875,-0.0202,-1.4826,HSP Gene,-0.407272129
25,Hsp20,CH,CH19-02,24,LG,HN,HNLG,0.001736021,4,4,0.2105,-0.3269,0.2254,-0.2526,0.1985,-0.3875,-0.0202,-1.4826,HSP Gene,-5.964991583
25,HspA,CH,CH19-02,24,LG,HN,HNLG,0.376521781,4,4,0.2105,-0.3269,0.2254,-0.2526,0.1985,-0.3875,-0.0202,-1.4826,HSP Gene,-0.967205108
25,HtpG,CH,CH19-02,24,LG,HN,HNLG,0.205897754,4,4,0.2105,-0.3269,0.2254,-0.2526,0.1985,-0.3875,-0.0202,-1.4826,HSP Gene,-1.555413777
27,ClpB,CR,CR19-05,24,LG,LN,LNLG,0.074842419,4,4,0.2327,0.3528,0.302,2.2608,0.1762,-1.2008,-0.1502,-10.1838,HSP Gene,-2.52565746
27,DnaJ,CR,CR19-05,24,LG,LN,LNLG,1.366040257,4,4,0.2327,0.3528,0.302,2.2608,0.1762,-1.2008,-0.1502,-10.1838,HSP Gene,0.312901044
27,DnaK-fp,CR,CR19-05,24,LG,LN,LNLG,0.712025098,4,4,0.2327,0.3528,0.302,2.2608,0.1762,-1.2008,-0.1502,-10.1838,HSP Gene,-0.338479559
27,DnaK1,CR,CR19-05,24,LG,LN,LNLG,40.50421101,4,4,0.2327,0.3528,0.302,2.2608,0.1762,-1.2008,-0.1502,-10.1838,HSP Gene,3.843308702
27,DnaK3,CR,CR19-05,24,LG,LN,LNLG,0.939522749,4,4,0.2327,0.3528,0.302,2.2608,0.1762,-1.2008,-0.1502,-10.1838,HSP Gene,-0.062343953
27,GroEL,CR,CR19-05,24,LG,LN,LNLG,0.312082637,4,4,0.2327,0.3528,0.302,2.2608,0.1762,-1.2008,-0.1502,-10.1838,HSP Gene,-1.150896766
27,GroES,CR,CR19-05,24,LG,LN,LNLG,0.325335464,4,4,0.2327,0.3528,0.302,2.2608,0.1762,-1.2008,-0.1502,-10.1838,HSP Gene,-1.110257823
27,GrpE,CR,CR19-05,24,LG,LN,LNLG,2.445280555,4,4,0.2327,0.3528,0.302,2.2608,0.1762,-1.2008,-0.1502,-10.1838,HSP Gene,0.902284689
27,Hep,CR,CR19-05,24,LG,LN,LNLG,0.079824094,4,4,0.2327,0.3528,0.302,2.2608,0.1762,-1.2008,-0.1502,-10.1838,Toxin Gene,-2.464465053
27,HrcA,CR,CR19-05,24,LG,LN,LNLG,0.624165274,4,4,0.2327,0.3528,0.302,2.2608,0.1762,-1.2008,-0.1502,-10.1838,HSP Gene,-0.469103134
27,Hsp20,CR,CR19-05,24,LG,LN,LNLG,40.50421101,4,4,0.2327,0.3528,0.302,2.2608,0.1762,-1.2008,-0.1502,-10.1838,HSP Gene,3.843308702
27,HspA,CR,CR19-05,24,LG,LN,LNLG,45.56960626,4,4,0.2327,0.3528,0.302,2.2608,0.1762,-1.2008,-0.1502,-10.1838,HSP Gene,3.970444003
27,HtpG,CR,CR19-05,24,LG,LN,LNLG,8.224910613,4,4,0.2327,0.3528,0.302,2.2608,0.1762,-1.2008,-0.1502,-10.1838,HSP Gene,2.152660714
28,ClpB,CR,CR19-06,24,LG,LN,LNLG,7.160200567,5,none,0.1909,0.6151,0.1155,-0.7233,0.2658,1.9449,0.1537,-0.045,HSP Gene,2.008204923
28,DnaJ,CR,CR19-06,24,LG,LN,LNLG,1.866065983,5,none,0.1909,0.6151,0.1155,-0.7233,0.2658,1.9449,0.1537,-0.045,HSP Gene,0.627780007
28,DnaK-fp,CR,CR19-06,24,LG,LN,LNLG,6.773962499,5,none,0.1909,0.6151,0.1155,-0.7233,0.2658,1.9449,0.1537,-0.045,HSP Gene,1.950535789
28,DnaK1,CR,CR19-06,24,LG,LN,LNLG,2.732080514,5,none,0.1909,0.6151,0.1155,-0.7233,0.2658,1.9449,0.1537,-0.045,HSP Gene,1.015336383
28,DnaK3,CR,CR19-06,24,LG,LN,LNLG,4.0278222,5,none,0.1909,0.6151,0.1155,-0.7233,0.2658,1.9449,0.1537,-0.045,HSP Gene,1.413017937
28,GroEL,CR,CR19-06,24,LG,LN,LNLG,0.858565436,5,none,0.1909,0.6151,0.1155,-0.7233,0.2658,1.9449,0.1537,-0.045,HSP Gene,-0.152257733
28,GroES,CR,CR19-06,24,LG,LN,LNLG,0.628506687,5,none,0.1909,0.6151,0.1155,-0.7233,0.2658,1.9449,0.1537,-0.045,HSP Gene,-0.462236869
28,GrpE,CR,CR19-06,24,LG,LN,LNLG,1.494849249,5,none,0.1909,0.6151,0.1155,-0.7233,0.2658,1.9449,0.1537,-0.045,HSP Gene,0.403662363
28,Hep,CR,CR19-06,24,LG,LN,LNLG,1.717130873,5,none,0.1909,0.6151,0.1155,-0.7233,0.2658,1.9449,0.1537,-0.045,Toxin Gene,0.543618182
28,HrcA,CR,CR19-06,24,LG,LN,LNLG,7.160200567,5,none,0.1909,0.6151,0.1155,-0.7233,0.2658,1.9449,0.1537,-0.045,HSP Gene,2.008204923
28,Hsp20,CR,CR19-06,24,LG,LN,LNLG,2.732080514,5,none,0.1909,0.6151,0.1155,-0.7233,0.2658,1.9449,0.1537,-0.045,HSP Gene,1.015336383
28,HspA,CR,CR19-06,24,LG,LN,LNLG,85.62736351,5,none,0.1909,0.6151,0.1155,-0.7233,0.2658,1.9449,0.1537,-0.045,HSP Gene,4.656161808
28,HtpG,CR,CR19-06,24,LG,LN,LNLG,6.02098699,5,none,0.1909,0.6151,0.1155,-0.7233,0.2658,1.9449,0.1537,-0.045,HSP Gene,1.828203172
29,ClpB,F,F19-02,24,HG,HN,HNHG,2.920064021,3,3,0.3852,1.3247,0.3852,1.3247,-0.0457,-1.9435,-0.1108,-2.4373,HSP Gene,1.083289078
29,DnaJ,F,F19-02,24,HG,HN,HNHG,1.684125907,3,3,0.3852,1.3247,0.3852,1.3247,-0.0457,-1.9435,-0.1108,-2.4373,HSP Gene,0.524000763
29,DnaK-fp,F,F19-02,24,HG,HN,HNHG,1.394743666,3,3,0.3852,1.3247,0.3852,1.3247,-0.0457,-1.9435,-0.1108,-2.4373,HSP Gene,0.333831301
29,DnaK1,F,F19-02,24,HG,HN,HNHG,1028.842192,3,3,0.3852,1.3247,0.3852,1.3247,-0.0457,-1.9435,-0.1108,-2.4373,HSP Gene,7.445672951
29,DnaK3,F,F19-02,24,HG,HN,HNHG,2.033549347,3,3,0.3852,1.3247,0.3852,1.3247,-0.0457,-1.9435,-0.1108,-2.4373,HSP Gene,0.714895926
29,GroEL,F,F19-02,24,HG,HN,HNHG,1.052631155,3,3,0.3852,1.3247,0.3852,1.3247,-0.0457,-1.9435,-0.1108,-2.4373,HSP Gene,0.051319476
29,GroES,F,F19-02,24,HG,HN,HNHG,0.856188285,3,3,0.3852,1.3247,0.3852,1.3247,-0.0457,-1.9435,-0.1108,-2.4373,HSP Gene,-0.155021715
29,GrpE,F,F19-02,24,HG,HN,HNHG,0.067017669,3,3,0.3852,1.3247,0.3852,1.3247,-0.0457,-1.9435,-0.1108,-2.4373,HSP Gene,-2.63033474
29,Hep,F,F19-02,24,HG,HN,HNHG,860.156969,3,3,0.3852,1.3247,0.3852,1.3247,-0.0457,-1.9435,-0.1108,-2.4373,Toxin Gene,7.240034714
29,HrcA,F,F19-02,24,HG,HN,HNHG,17.41187907,3,3,0.3852,1.3247,0.3852,1.3247,-0.0457,-1.9435,-0.1108,-2.4373,HSP Gene,2.941220126
29,Hsp20,F,F19-02,24,HG,HN,HNHG,142.2219173,3,3,0.3852,1.3247,0.3852,1.3247,-0.0457,-1.9435,-0.1108,-2.4373,HSP Gene,5.214126759
29,HspA,F,F19-02,24,HG,HN,HNHG,5.371467222,3,3,0.3852,1.3247,0.3852,1.3247,-0.0457,-1.9435,-0.1108,-2.4373,HSP Gene,1.709973495
29,HtpG,F,F19-02,24,HG,HN,HNHG,0.491069798,3,3,0.3852,1.3247,0.3852,1.3247,-0.0457,-1.9435,-0.1108,-2.4373,HSP Gene,-0.706084684
30,ClpB,FA,FA19-02,24,HG,HN,HNHG,0.076203443,4,4,0.2868,0.1164,0.2868,0.1164,0.0122,-1.5656,-0.0725,-2.0841,HSP Gene,-2.508552058
30,DnaJ,FA,FA19-02,24,HG,HN,HNHG,1.792533399,4,4,0.2868,0.1164,0.2868,0.1164,0.0122,-1.5656,-0.0725,-2.0841,HSP Gene,0.587084134
30,DnaK-fp,FA,FA19-02,24,HG,HN,HNHG,2.428389769,4,4,0.2868,0.1164,0.2868,0.1164,0.0122,-1.5656,-0.0725,-2.0841,HSP Gene,0.895227365
30,DnaK1,FA,FA19-02,24,HG,HN,HNHG,3.306192973,4,4,0.2868,0.1164,0.2868,0.1164,0.0122,-1.5656,-0.0725,-2.0841,HSP Gene,1.210358133
30,DnaK3,FA,FA19-02,24,HG,HN,HNHG,2.435132037,4,4,0.2868,0.1164,0.2868,0.1164,0.0122,-1.5656,-0.0725,-2.0841,HSP Gene,0.898050176
30,GroEL,FA,FA19-02,24,HG,HN,HNHG,0.666187413,4,4,0.2868,0.1164,0.2868,0.1164,0.0122,-1.5656,-0.0725,-2.0841,HSP Gene,-0.404522274
30,GroES,FA,FA19-02,24,HG,HN,HNHG,0.635515845,4,4,0.2868,0.1164,0.2868,0.1164,0.0122,-1.5656,-0.0725,-2.0841,HSP Gene,-0.451248846
30,GrpE,FA,FA19-02,24,HG,HN,HNHG,0.432268616,4,4,0.2868,0.1164,0.2868,0.1164,0.0122,-1.5656,-0.0725,-2.0841,HSP Gene,-0.831642682
30,Hep,FA,FA19-02,24,HG,HN,HNHG,0.722966147,4,4,0.2868,0.1164,0.2868,0.1164,0.0122,-1.5656,-0.0725,-2.0841,Toxin Gene,-0.323332262
30,HrcA,FA,FA19-02,24,HG,HN,HNHG,21.73578055,4,4,0.2868,0.1164,0.2868,0.1164,0.0122,-1.5656,-0.0725,-2.0841,HSP Gene,3.176733957
30,Hsp20,FA,FA19-02,24,HG,HN,HNHG,0.106038642,4,4,0.2868,0.1164,0.2868,0.1164,0.0122,-1.5656,-0.0725,-2.0841,HSP Gene,-2.193849828
30,HspA,FA,FA19-02,24,HG,HN,HNHG,0.096321389,4,4,0.2868,0.1164,0.2868,0.1164,0.0122,-1.5656,-0.0725,-2.0841,HSP Gene,-2.285614124
30,HtpG,FA,FA19-02,24,HG,HN,HNHG,3.103723417,4,4,0.2868,0.1164,0.2868,0.1164,0.0122,-1.5656,-0.0725,-2.0841,HSP Gene,1.145659345
31,ClpB,FA,FA19-05,24,HG,HN,HNHG,0.015953314,4,4,0.4337,1.3019,0.4337,1.3019,0,-1.7509,-0.0776,-2.2968,HSP Gene,-3.969842067
31,DnaJ,FA,FA19-05,24,HG,HN,HNHG,2.250116969,4,4,0.4337,1.3019,0.4337,1.3019,0,-1.7509,-0.0776,-2.2968,HSP Gene,0.817661985
31,DnaK-fp,FA,FA19-05,24,HG,HN,HNHG,2.549121255,4,4,0.4337,1.3019,0.4337,1.3019,0,-1.7509,-0.0776,-2.2968,HSP Gene,0.944649395
31,DnaK1,FA,FA19-05,24,HG,HN,HNHG,0.067064123,4,4,0.4337,1.3019,0.4337,1.3019,0,-1.7509,-0.0776,-2.2968,HSP Gene,-2.629678639
31,DnaK3,FA,FA19-05,24,HG,HN,HNHG,4.055837919,4,4,0.4337,1.3019,0.4337,1.3019,0,-1.7509,-0.0776,-2.2968,HSP Gene,1.420147772
31,GroEL,FA,FA19-05,24,HG,HN,HNHG,0.453759578,4,4,0.4337,1.3019,0.4337,1.3019,0,-1.7509,-0.0776,-2.2968,HSP Gene,-0.783914174
31,GroES,FA,FA19-05,24,HG,HN,HNHG,0.366021424,4,4,0.4337,1.3019,0.4337,1.3019,0,-1.7509,-0.0776,-2.2968,HSP Gene,-0.994928561
31,GrpE,FA,FA19-05,24,HG,HN,HNHG,0.411795509,4,4,0.4337,1.3019,0.4337,1.3019,0,-1.7509,-0.0776,-2.2968,HSP Gene,-0.879324429
31,Hep,FA,FA19-05,24,HG,HN,HNHG,118.6032719,4,4,0.4337,1.3019,0.4337,1.3019,0,-1.7509,-0.0776,-2.2968,Toxin Gene,5.013760493
31,HrcA,FA,FA19-05,24,HG,HN,HNHG,577715.6294,4,4,0.4337,1.3019,0.4337,1.3019,0,-1.7509,-0.0776,-2.2968,HSP Gene,15.21477774
31,Hsp20,FA,FA19-05,24,HG,HN,HNHG,1.33E-06,4,4,0.4337,1.3019,0.4337,1.3019,0,-1.7509,-0.0776,-2.2968,HSP Gene,-11.83871526
31,HspA,FA,FA19-05,24,HG,HN,HNHG,243.8753275,4,4,0.4337,1.3019,0.4337,1.3019,0,-1.7509,-0.0776,-2.2968,HSP Gene,5.813458321
31,HtpG,FA,FA19-05,24,HG,HN,HNHG,296.1121751,4,4,0.4337,1.3019,0.4337,1.3019,0,-1.7509,-0.0776,-2.2968,HSP Gene,6.030758849
32,ClpB,FA,FA19-06,24,HG,HN,HNHG,1.222640278,4,4,0.191,0.8478,0.363,2.3515,0.051,-0.3766,-0.0907,-1.6151,HSP Gene,0.201421378
32,DnaJ,FA,FA19-06,24,HG,HN,HNHG,2.084931522,4,4,0.191,0.8478,0.363,2.3515,0.051,-0.3766,-0.0907,-1.6151,HSP Gene,0.74021599
32,DnaK-fp,FA,FA19-06,24,HG,HN,HNHG,4.723970646,4,4,0.191,0.8478,0.363,2.3515,0.051,-0.3766,-0.0907,-1.6151,HSP Gene,1.577257011
32,DnaK1,FA,FA19-06,24,HG,HN,HNHG,4.209362091,4,4,0.191,0.8478,0.363,2.3515,0.051,-0.3766,-0.0907,-1.6151,HSP Gene,1.458381866
32,DnaK3,FA,FA19-06,24,HG,HN,HNHG,6.36429187,4,4,0.191,0.8478,0.363,2.3515,0.051,-0.3766,-0.0907,-1.6151,HSP Gene,1.885735187
32,GroEL,FA,FA19-06,24,HG,HN,HNHG,0.602903914,4,4,0.191,0.8478,0.363,2.3515,0.051,-0.3766,-0.0907,-1.6151,HSP Gene,-0.503420035
32,GroES,FA,FA19-06,24,HG,HN,HNHG,0.524858342,4,4,0.191,0.8478,0.363,2.3515,0.051,-0.3766,-0.0907,-1.6151,HSP Gene,-0.640447627
32,GrpE,FA,FA19-06,24,HG,HN,HNHG,1.918528239,4,4,0.191,0.8478,0.363,2.3515,0.051,-0.3766,-0.0907,-1.6151,HSP Gene,0.655865391
32,Hep,FA,FA19-06,24,HG,HN,HNHG,2241.1135,4,4,0.191,0.8478,0.363,2.3515,0.051,-0.3766,-0.0907,-1.6151,Toxin Gene,8.348398113
32,HrcA,FA,FA19-06,24,HG,HN,HNHG,3.506422885,4,4,0.191,0.8478,0.363,2.3515,0.051,-0.3766,-0.0907,-1.6151,HSP Gene,1.270630688
32,Hsp20,FA,FA19-06,24,HG,HN,HNHG,1.310393404,4,4,0.191,0.8478,0.363,2.3515,0.051,-0.3766,-0.0907,-1.6151,HSP Gene,0.271066897
32,HspA,FA,FA19-06,24,HG,HN,HNHG,7.781239579,4,4,0.191,0.8478,0.363,2.3515,0.051,-0.3766,-0.0907,-1.6151,HSP Gene,2.094829845
32,HtpG,FA,FA19-06,24,HG,HN,HNHG,1.931872658,4,4,0.191,0.8478,0.363,2.3515,0.051,-0.3766,-0.0907,-1.6151,HSP Gene,0.662889195
33,ClpB,G,G19-01,24,LG,LN,LNLG,16.25399165,5,none,0.1105,0.1372,0.1293,0.3314,0.1076,0.1069,0.099,0.0187,HSP Gene,2.868367776
33,DnaJ,G,G19-01,24,LG,LN,LNLG,2.969047141,5,none,0.1105,0.1372,0.1293,0.3314,0.1076,0.1069,0.099,0.0187,HSP Gene,1.100291529
33,DnaK-fp,G,G19-01,24,LG,LN,LNLG,4.658934346,5,none,0.1105,0.1372,0.1293,0.3314,0.1076,0.1069,0.099,0.0187,HSP Gene,1.562954345
33,DnaK1,G,G19-01,24,LG,LN,LNLG,0.006509435,5,none,0.1105,0.1372,0.1293,0.3314,0.1076,0.1069,0.099,0.0187,HSP Gene,-4.786943674
33,DnaK3,G,G19-01,24,LG,LN,LNLG,6.105036836,5,none,0.1105,0.1372,0.1293,0.3314,0.1076,0.1069,0.099,0.0187,HSP Gene,1.842580134
33,GroEL,G,G19-01,24,LG,LN,LNLG,0.005448217,5,none,0.1105,0.1372,0.1293,0.3314,0.1076,0.1069,0.099,0.0187,HSP Gene,-4.947409144
33,GroES,G,G19-01,24,LG,LN,LNLG,1.205807828,5,none,0.1105,0.1372,0.1293,0.3314,0.1076,0.1069,0.099,0.0187,HSP Gene,0.187503973
33,GrpE,G,G19-01,24,LG,LN,LNLG,4.531535541,5,none,0.1105,0.1372,0.1293,0.3314,0.1076,0.1069,0.099,0.0187,HSP Gene,1.534361026
33,Hep,G,G19-01,24,LG,LN,LNLG,704.2774109,5,none,0.1105,0.1372,0.1293,0.3314,0.1076,0.1069,0.099,0.0187,Toxin Gene,7.01131013
33,HrcA,G,G19-01,24,LG,LN,LNLG,1.558329159,5,none,0.1105,0.1372,0.1293,0.3314,0.1076,0.1069,0.099,0.0187,HSP Gene,0.445607961
33,Hsp20,G,G19-01,24,LG,LN,LNLG,0.007758535,5,none,0.1105,0.1372,0.1293,0.3314,0.1076,0.1069,0.099,0.0187,HSP Gene,-4.628097197
33,HspA,G,G19-01,24,LG,LN,LNLG,0.378929142,5,none,0.1105,0.1372,0.1293,0.3314,0.1076,0.1069,0.099,0.0187,HSP Gene,-0.960955908
33,HtpG,G,G19-01,24,LG,LN,LNLG,988.16298,5,none,0.1105,0.1372,0.1293,0.3314,0.1076,0.1069,0.099,0.0187,HSP Gene,7.399282032
34,ClpB,G,G19-02,24,LG,LN,LNLG,55.27150976,5,none,0.1679,0.8135,0.1944,1.1422,0.1949,1.1485,0.1105,0.1042,HSP Gene,4.179349705
34,DnaJ,G,G19-02,24,LG,LN,LNLG,2.451340604,5,none,0.1679,0.8135,0.1944,1.1422,0.1949,1.1485,0.1105,0.1042,HSP Gene,0.904805067
34,DnaK-fp,G,G19-02,24,LG,LN,LNLG,6.303210944,5,none,0.1679,0.8135,0.1944,1.1422,0.1949,1.1485,0.1105,0.1042,HSP Gene,1.875724981
34,DnaK1,G,G19-02,24,LG,LN,LNLG,0.177611862,5,none,0.1679,0.8135,0.1944,1.1422,0.1949,1.1485,0.1105,0.1042,HSP Gene,-1.698335829
34,DnaK3,G,G19-02,24,LG,LN,LNLG,4.048241055,5,none,0.1679,0.8135,0.1944,1.1422,0.1949,1.1485,0.1105,0.1042,HSP Gene,1.418219195
34,GroEL,G,G19-02,24,LG,LN,LNLG,1.036496137,5,none,0.1679,0.8135,0.1944,1.1422,0.1949,1.1485,0.1105,0.1042,HSP Gene,0.035858908
34,GroES,G,G19-02,24,LG,LN,LNLG,0.653253243,5,none,0.1679,0.8135,0.1944,1.1422,0.1949,1.1485,0.1105,0.1042,HSP Gene,-0.423964362
34,GrpE,G,G19-02,24,LG,LN,LNLG,1.027968878,5,none,0.1679,0.8135,0.1944,1.1422,0.1949,1.1485,0.1105,0.1042,HSP Gene,0.027592579
34,Hep,G,G19-02,24,LG,LN,LNLG,3.725777204,5,none,0.1679,0.8135,0.1944,1.1422,0.1949,1.1485,0.1105,0.1042,Toxin Gene,1.332905518
34,HrcA,G,G19-02,24,LG,LN,LNLG,4.65081485,5,none,0.1679,0.8135,0.1944,1.1422,0.1949,1.1485,0.1105,0.1042,HSP Gene,1.561155001
34,Hsp20,G,G19-02,24,LG,LN,LNLG,0.183919054,5,none,0.1679,0.8135,0.1944,1.1422,0.1949,1.1485,0.1105,0.1042,HSP Gene,-1.664626074
34,HspA,G,G19-02,24,LG,LN,LNLG,0.993942632,5,none,0.1679,0.8135,0.1944,1.1422,0.1949,1.1485,0.1105,0.1042,HSP Gene,-0.006075416
34,HtpG,G,G19-02,24,LG,LN,LNLG,15.6213721,5,none,0.1679,0.8135,0.1944,1.1422,0.1949,1.1485,0.1105,0.1042,HSP Gene,2.826385674
35,ClpB,SM,SM19-01,24,HG,HN,HNHG,0.062068281,3,3,0.218,0.7479,0.218,0.7479,-0.0517,-0.5862,-0.0883,-0.7674,HSP Gene,-2.702922871
35,DnaJ,SM,SM19-01,24,HG,HN,HNHG,0.979420298,3,3,0.218,0.7479,0.218,0.7479,-0.0517,-0.5862,-0.0883,-0.7674,HSP Gene,-0.020790048
35,DnaK-fp,SM,SM19-01,24,HG,HN,HNHG,1.591072968,3,3,0.218,0.7479,0.218,0.7479,-0.0517,-0.5862,-0.0883,-0.7674,HSP Gene,0.466593979
35,DnaK1,SM,SM19-01,24,HG,HN,HNHG,0.297301779,3,3,0.218,0.7479,0.218,0.7479,-0.0517,-0.5862,-0.0883,-0.7674,HSP Gene,-1.198265729
35,DnaK3,SM,SM19-01,24,HG,HN,HNHG,2,3,3,0.218,0.7479,0.218,0.7479,-0.0517,-0.5862,-0.0883,-0.7674,HSP Gene,0.698022973
35,GroEL,SM,SM19-01,24,HG,HN,HNHG,1.337927555,3,3,0.218,0.7479,0.218,0.7479,-0.0517,-0.5862,-0.0883,-0.7674,HSP Gene,0.291979577
35,GroES,SM,SM19-01,24,HG,HN,HNHG,1.328685814,3,3,0.218,0.7479,0.218,0.7479,-0.0517,-0.5862,-0.0883,-0.7674,HSP Gene,0.285007707
35,GrpE,SM,SM19-01,24,HG,HN,HNHG,0.423372656,3,3,0.218,0.7479,0.218,0.7479,-0.0517,-0.5862,-0.0883,-0.7674,HSP Gene,-0.852083441
35,Hep,SM,SM19-01,24,HG,HN,HNHG,94.09867402,3,3,0.218,0.7479,0.218,0.7479,-0.0517,-0.5862,-0.0883,-0.7674,Toxin Gene,4.759473178
35,HrcA,SM,SM19-01,24,HG,HN,HNHG,1.404444876,3,3,0.218,0.7479,0.218,0.7479,-0.0517,-0.5862,-0.0883,-0.7674,HSP Gene,0.340810008
35,Hsp20,SM,SM19-01,24,HG,HN,HNHG,0.297301779,3,3,0.218,0.7479,0.218,0.7479,-0.0517,-0.5862,-0.0883,-0.7674,HSP Gene,-1.198265729
35,HspA,SM,SM19-01,24,HG,HN,HNHG,0.100133735,3,3,0.218,0.7479,0.218,0.7479,-0.0517,-0.5862,-0.0883,-0.7674,HSP Gene,-2.248575665
35,HtpG,SM,SM19-01,24,HG,HN,HNHG,1.180992661,3,3,0.218,0.7479,0.218,0.7479,-0.0517,-0.5862,-0.0883,-0.7674,HSP Gene,0.166635173
36,ClpB,SM,SM19-03,24,LG,HN,HNLG,3.630076621,5,none,0.1529,-0.5333,0.2887,0.1289,0.0984,-0.7989,0.1138,-0.7234,HSP Gene,1.306190124
36,DnaJ,SM,SM19-03,24,LG,HN,HNLG,2.639015822,5,none,0.1529,-0.5333,0.2887,0.1289,0.0984,-0.7989,0.1138,-0.7234,HSP Gene,0.979980516
36,DnaK-fp,SM,SM19-03,24,LG,HN,HNLG,2.329467173,5,none,0.1529,-0.5333,0.2887,0.1289,0.0984,-0.7989,0.1138,-0.7234,HSP Gene,0.852904166
36,DnaK1,SM,SM19-03,24,LG,HN,HNLG,0.236514412,5,none,0.1529,-0.5333,0.2887,0.1289,0.0984,-0.7989,0.1138,-0.7234,HSP Gene,-1.420952224
36,DnaK3,SM,SM19-03,24,LG,HN,HNLG,3.271608234,5,none,0.1529,-0.5333,0.2887,0.1289,0.0984,-0.7989,0.1138,-0.7234,HSP Gene,1.199586462
36,GroEL,SM,SM19-03,24,LG,HN,HNLG,1.591072968,5,none,0.1529,-0.5333,0.2887,0.1289,0.0984,-0.7989,0.1138,-0.7234,HSP Gene,0.466593979
36,GroES,SM,SM19-03,24,LG,HN,HNLG,1.394743666,5,none,0.1529,-0.5333,0.2887,0.1289,0.0984,-0.7989,0.1138,-0.7234,HSP Gene,0.333831301
36,GrpE,SM,SM19-03,24,LG,HN,HNLG,1.892115293,5,none,0.1529,-0.5333,0.2887,0.1289,0.0984,-0.7989,0.1138,-0.7234,HSP Gene,0.641820733
36,Hep,SM,SM19-03,24,LG,HN,HNLG,1.404444876,5,none,0.1529,-0.5333,0.2887,0.1289,0.0984,-0.7989,0.1138,-0.7234,Toxin Gene,0.340810008
36,HrcA,SM,SM19-03,24,LG,HN,HNLG,2.29739671,5,none,0.1529,-0.5333,0.2887,0.1289,0.0984,-0.7989,0.1138,-0.7234,HSP Gene,0.838804333
36,Hsp20,SM,SM19-03,24,LG,HN,HNLG,0.236514412,5,none,0.1529,-0.5333,0.2887,0.1289,0.0984,-0.7989,0.1138,-0.7234,HSP Gene,-1.420952224
36,HspA,SM,SM19-03,24,LG,HN,HNLG,4.626752736,5,none,0.1529,-0.5333,0.2887,0.1289,0.0984,-0.7989,0.1138,-0.7234,HSP Gene,1.555804514
36,HtpG,SM,SM19-03,24,LG,HN,HNLG,3.680750602,5,none,0.1529,-0.5333,0.2887,0.1289,0.0984,-0.7989,0.1138,-0.7234,HSP Gene,1.320420871
37,ClpB,SM,SM19-04,24,LG,HN,HNLG,1.865826127,5,none,0.3606,0.9321,0.2932,0.2765,0.4155,1.4661,0.014,-2.4373,HSP Gene,0.627649833
37,DnaJ,SM,SM19-04,24,LG,HN,HNLG,1.064370182,5,none,0.3606,0.9321,0.2932,0.2765,0.4155,1.4661,0.014,-2.4373,HSP Gene,0.062422572
37,DnaK-fp,SM,SM19-04,24,LG,HN,HNLG,3.116658319,5,none,0.3606,0.9321,0.2932,0.2765,0.4155,1.4661,0.014,-2.4373,HSP Gene,1.149914663
37,DnaK1,SM,SM19-04,24,LG,HN,HNLG,0.000170257,5,none,0.3606,0.9321,0.2932,0.2765,0.4155,1.4661,0.014,-2.4373,HSP Gene,-7.960056114
37,DnaK3,SM,SM19-04,24,LG,HN,HNLG,1.394743666,5,none,0.3606,0.9321,0.2932,0.2765,0.4155,1.4661,0.014,-2.4373,HSP Gene,0.333831301
37,GroEL,SM,SM19-04,24,LG,HN,HNLG,1.464085696,5,none,0.3606,0.9321,0.2932,0.2765,0.4155,1.4661,0.014,-2.4373,HSP Gene,0.382702776
37,GroES,SM,SM19-04,24,LG,HN,HNLG,1.057018041,5,none,0.3606,0.9321,0.2932,0.2765,0.4155,1.4661,0.014,-2.4373,HSP Gene,0.055482846
37,GrpE,SM,SM19-04,24,LG,HN,HNLG,2.989698497,5,none,0.3606,0.9321,0.2932,0.2765,0.4155,1.4661,0.014,-2.4373,HSP Gene,1.107377571
37,Hep,SM,SM19-04,24,LG,HN,HNLG,7.674112955,5,none,0.3606,0.9321,0.2932,0.2765,0.4155,1.4661,0.014,-2.4373,Toxin Gene,2.080382248
37,HrcA,SM,SM19-04,24,LG,HN,HNLG,1.086734863,5,none,0.3606,0.9321,0.2932,0.2765,0.4155,1.4661,0.014,-2.4373,HSP Gene,0.083247585
37,Hsp20,SM,SM19-04,24,LG,HN,HNLG,0.000170257,5,none,0.3606,0.9321,0.2932,0.2765,0.4155,1.4661,0.014,-2.4373,HSP Gene,-7.960056114
37,HspA,SM,SM19-04,24,LG,HN,HNLG,0.397768242,5,none,0.3606,0.9321,0.2932,0.2765,0.4155,1.4661,0.014,-2.4373,HSP Gene,-0.913354216
37,HtpG,SM,SM19-04,24,LG,HN,HNLG,1.647182035,5,none,0.3606,0.9321,0.2932,0.2765,0.4155,1.4661,0.014,-2.4373,HSP Gene,0.501590273
38,ClpB,WH,WH19-01,24,LG,HN,HNLG,0.655196702,3,3,0.2557,0.2719,0.2557,0.2719,-0.0394,-3.8714,0.0201,-3.0352,HSP Gene,-0.421019087
38,DnaJ,WH,WH19-01,24,LG,HN,HNLG,1.01395948,3,3,0.2557,0.2719,0.2557,0.2719,-0.0394,-3.8714,0.0201,-3.0352,HSP Gene,0.013864885
38,DnaK-fp,WH,WH19-01,24,LG,HN,HNLG,0.726986259,3,3,0.2557,0.2719,0.2557,0.2719,-0.0394,-3.8714,0.0201,-3.0352,HSP Gene,-0.317822996
38,DnaK1,WH,WH19-01,24,LG,HN,HNLG,1.037092321,3,3,0.2557,0.2719,0.2557,0.2719,-0.0394,-3.8714,0.0201,-3.0352,HSP Gene,0.036434354
38,DnaK3,WH,WH19-01,24,LG,HN,HNLG,0.876605721,3,3,0.2557,0.2719,0.2557,0.2719,-0.0394,-3.8714,0.0201,-3.0352,HSP Gene,-0.131522924
38,GroEL,WH,WH19-01,24,LG,HN,HNLG,1.028113827,3,3,0.2557,0.2719,0.2557,0.2719,-0.0394,-3.8714,0.0201,-3.0352,HSP Gene,0.027733654
38,GroES,WH,WH19-01,24,LG,HN,HNLG,0.91383145,3,3,0.2557,0.2719,0.2557,0.2719,-0.0394,-3.8714,0.0201,-3.0352,HSP Gene,-0.090027167
38,GrpE,WH,WH19-01,24,LG,HN,HNLG,0.726986259,3,3,0.2557,0.2719,0.2557,0.2719,-0.0394,-3.8714,0.0201,-3.0352,HSP Gene,-0.317822996
38,Hep,WH,WH19-01,24,LG,HN,HNLG,0.133971683,3,3,0.2557,0.2719,0.2557,0.2719,-0.0394,-3.8714,0.0201,-3.0352,Toxin Gene,-1.969859488
38,HrcA,WH,WH19-01,24,LG,HN,HNLG,0.979420298,3,3,0.2557,0.2719,0.2557,0.2719,-0.0394,-3.8714,0.0201,-3.0352,HSP Gene,-0.020790048
38,Hsp20,WH,WH19-01,24,LG,HN,HNLG,0.271683716,3,3,0.2557,0.2719,0.2557,0.2719,-0.0394,-3.8714,0.0201,-3.0352,HSP Gene,-1.286113573
38,HspA,WH,WH19-01,24,LG,HN,HNLG,0.098755164,3,3,0.2557,0.2719,0.2557,0.2719,-0.0394,-3.8714,0.0201,-3.0352,HSP Gene,-2.261807024
38,HtpG,WH,WH19-01,24,LG,HN,HNLG,0.438302861,3,3,0.2557,0.2719,0.2557,0.2719,-0.0394,-3.8714,0.0201,-3.0352,HSP Gene,-0.818010739
39,ClpB,WH,WH19-02,24,HG,HN,HNHG,93.05424111,4,4,0.2061,0.2776,0.3004,2.8581,0.1293,-1.8238,-0.0547,-6.8592,HSP Gene,4.747239984
39,DnaJ,WH,WH19-02,24,HG,HN,HNHG,1.693490625,4,4,0.2061,0.2776,0.3004,2.8581,0.1293,-1.8238,-0.0547,-6.8592,HSP Gene,0.529604956
39,DnaK-fp,WH,WH19-02,24,HG,HN,HNHG,1.222640278,4,4,0.2061,0.2776,0.3004,2.8581,0.1293,-1.8238,-0.0547,-6.8592,HSP Gene,0.201421378
39,DnaK1,WH,WH19-02,24,HG,HN,HNHG,2014.858257,4,4,0.2061,0.2776,0.3004,2.8581,0.1293,-1.8238,-0.0547,-6.8592,HSP Gene,8.224158839
39,DnaK3,WH,WH19-02,24,HG,HN,HNHG,1.394743666,4,4,0.2061,0.2776,0.3004,2.8581,0.1293,-1.8238,-0.0547,-6.8592,HSP Gene,0.333831301
39,GroEL,WH,WH19-02,24,HG,HN,HNHG,1.705269784,4,4,0.2061,0.2776,0.3004,2.8581,0.1293,-1.8238,-0.0547,-6.8592,HSP Gene,0.536611079
39,GroES,WH,WH19-02,24,HG,HN,HNHG,2.948538435,4,4,0.2061,0.2776,0.3004,2.8581,0.1293,-1.8238,-0.0547,-6.8592,HSP Gene,1.09320648
39,GrpE,WH,WH19-02,24,HG,HN,HNHG,0.965936329,4,4,0.2061,0.2776,0.3004,2.8581,0.1293,-1.8238,-0.0547,-6.8592,HSP Gene,-0.034645229
39,Hep,WH,WH19-02,24,HG,HN,HNHG,2.099433367,4,4,0.2061,0.2776,0.3004,2.8581,0.1293,-1.8238,-0.0547,-6.8592,Toxin Gene,0.747251607
39,HrcA,WH,WH19-02,24,HG,HN,HNHG,1.283425898,4,4,0.2061,0.2776,0.3004,2.8581,0.1293,-1.8238,-0.0547,-6.8592,HSP Gene,0.250163
39,Hsp20,WH,WH19-02,24,HG,HN,HNHG,12040.32859,4,4,0.2061,0.2776,0.3004,2.8581,0.1293,-1.8238,-0.0547,-6.8592,HSP Gene,10.34699339
39,HspA,WH,WH19-02,24,HG,HN,HNHG,1.717130873,4,4,0.2061,0.2776,0.3004,2.8581,0.1293,-1.8238,-0.0547,-6.8592,HSP Gene,0.543618182
39,HtpG,WH,WH19-02,24,HG,HN,HNHG,1.972465409,4,4,0.2061,0.2776,0.3004,2.8581,0.1293,-1.8238,-0.0547,-6.8592,HSP Gene,0.68396651
40,ClpB,WH,WH19-04,24,HG,HN,HNHG,1.536875181,4,4,0.2054,-0.1036,0.3096,2.3878,0.1206,-2.1322,-0.0767,-6.8522,HSP Gene,0.431622179
40,DnaJ,WH,WH19-04,24,HG,HN,HNHG,1.464085696,4,4,0.2054,-0.1036,0.3096,2.3878,0.1206,-2.1322,-0.0767,-6.8522,HSP Gene,0.382702776
40,DnaK-fp,WH,WH19-04,24,HG,HN,HNHG,1.385109468,4,4,0.2054,-0.1036,0.3096,2.3878,0.1206,-2.1322,-0.0767,-6.8522,HSP Gene,0.326853572
40,DnaK1,WH,WH19-04,24,HG,HN,HNHG,2.042024251,4,4,0.2054,-0.1036,0.3096,2.3878,0.1206,-2.1322,-0.0767,-6.8522,HSP Gene,0.71911505
40,DnaK3,WH,WH19-04,24,HG,HN,HNHG,1.257013375,4,4,0.2054,-0.1036,0.3096,2.3878,0.1206,-2.1322,-0.0767,-6.8522,HSP Gene,0.229267883
40,GroEL,WH,WH19-04,24,HG,HN,HNHG,0.91383145,4,4,0.2054,-0.1036,0.3096,2.3878,0.1206,-2.1322,-0.0767,-6.8522,HSP Gene,-0.090027167
40,GroES,WH,WH19-04,24,HG,HN,HNHG,1.057018041,4,4,0.2054,-0.1036,0.3096,2.3878,0.1206,-2.1322,-0.0767,-6.8522,HSP Gene,0.055482846
40,GrpE,WH,WH19-04,24,HG,HN,HNHG,1.140763716,4,4,0.2054,-0.1036,0.3096,2.3878,0.1206,-2.1322,-0.0767,-6.8522,HSP Gene,0.131873315
40,Hep,WH,WH19-04,24,HG,HN,HNHG,1.591072968,4,4,0.2054,-0.1036,0.3096,2.3878,0.1206,-2.1322,-0.0767,-6.8522,Toxin Gene,0.466593979
40,HrcA,WH,WH19-04,24,HG,HN,HNHG,1.547564994,4,4,0.2054,-0.1036,0.3096,2.3878,0.1206,-2.1322,-0.0767,-6.8522,HSP Gene,0.438614581
40,Hsp20,WH,WH19-04,24,HG,HN,HNHG,2.042024251,4,4,0.2054,-0.1036,0.3096,2.3878,0.1206,-2.1322,-0.0767,-6.8522,HSP Gene,0.71911505
40,HspA,WH,WH19-04,24,HG,HN,HNHG,1.526259209,4,4,0.2054,-0.1036,0.3096,2.3878,0.1206,-2.1322,-0.0767,-6.8522,HSP Gene,0.424630757
40,HtpG,WH,WH19-04,24,HG,HN,HNHG,0.687770909,4,4,0.2054,-0.1036,0.3096,2.3878,0.1206,-2.1322,-0.0767,-6.8522,HSP Gene,-0.372887885
41,ClpB,AR,AR19-01,28,LG,HN,HNLG,0.517632462,3,3,0.3279,-0.4953,0.3279,0.2778,-0.014,-0.1947,0.0349,-0.2402,HSP Gene,-0.654129291
41,DnaJ,AR,AR19-01,28,LG,HN,HNLG,0.876605721,3,3,0.3279,-0.4953,0.3279,0.2778,-0.014,-0.1947,0.0349,-0.2402,HSP Gene,-0.131522924
41,DnaK-fp,AR,AR19-01,28,LG,HN,HNLG,0.726986259,3,3,0.3279,-0.4953,0.3279,0.2778,-0.014,-0.1947,0.0349,-0.2402,HSP Gene,-0.317822996
41,DnaK1,AR,AR19-01,28,LG,HN,HNLG,8.633825892,3,3,0.3279,-0.4953,0.3279,0.2778,-0.014,-0.1947,0.0349,-0.2402,HSP Gene,2.203315894
41,DnaK3,AR,AR19-01,28,LG,HN,HNLG,0.586417475,3,3,0.3279,-0.4953,0.3279,0.2778,-0.014,-0.1947,0.0349,-0.2402,HSP Gene,-0.530856262
41,GroEL,AR,AR19-01,28,LG,HN,HNLG,0.858565436,3,3,0.3279,-0.4953,0.3279,0.2778,-0.014,-0.1947,0.0349,-0.2402,HSP Gene,-0.152257733
41,GroES,AR,AR19-01,28,LG,HN,HNLG,0.835087919,3,3,0.3279,-0.4953,0.3279,0.2778,-0.014,-0.1947,0.0349,-0.2402,HSP Gene,-0.179890598
41,GrpE,AR,AR19-01,28,LG,HN,HNLG,0.683020128,3,3,0.3279,-0.4953,0.3279,0.2778,-0.014,-0.1947,0.0349,-0.2402,HSP Gene,-0.379766661
41,Hep,AR,AR19-01,28,LG,HN,HNLG,0.747424624,3,3,0.3279,-0.4953,0.3279,0.2778,-0.014,-0.1947,0.0349,-0.2402,Toxin Gene,-0.290267412
41,HrcA,AR,AR19-01,28,LG,HN,HNLG,0.668963777,3,3,0.3279,-0.4953,0.3279,0.2778,-0.014,-0.1947,0.0349,-0.2402,HSP Gene,-0.400397206
41,Hsp20,AR,AR19-01,28,LG,HN,HNLG,8.633825892,3,3,0.3279,-0.4953,0.3279,0.2778,-0.014,-0.1947,0.0349,-0.2402,HSP Gene,2.203315894
41,HspA,AR,AR19-01,28,LG,HN,HNLG,4951.354241,3,3,0.3279,-0.4953,0.3279,0.2778,-0.014,-0.1947,0.0349,-0.2402,HSP Gene,9.282234071
41,HtpG,AR,AR19-01,28,LG,HN,HNLG,4.823231311,3,3,0.3279,-0.4953,0.3279,0.2778,-0.014,-0.1947,0.0349,-0.2402,HSP Gene,1.598718523
42,ClpB,BU,BU19-01,28,LG,LN,LNLG,0.624165274,4,4,0.0829,0.0065,0.1388,0.6351,0.0374,-0.5054,-0.0478,-1.463,HSP Gene,-0.469103134
42,DnaJ,BU,BU19-01,28,LG,LN,LNLG,0.933032992,4,4,0.0829,0.0065,0.1388,0.6351,0.0374,-0.5054,-0.0478,-1.463,HSP Gene,-0.06926621
42,DnaK-fp,BU,BU19-01,28,LG,LN,LNLG,0.768437591,4,4,0.0829,0.0065,0.1388,0.6351,0.0374,-0.5054,-0.0478,-1.463,HSP Gene,-0.262696388
42,DnaK1,BU,BU19-01,28,LG,LN,LNLG,78.79324245,4,4,0.0829,0.0065,0.1388,0.6351,0.0374,-0.5054,-0.0478,-1.463,HSP Gene,4.565236548
42,DnaK3,BU,BU19-01,28,LG,LN,LNLG,0.574349177,4,4,0.0829,0.0065,0.1388,0.6351,0.0374,-0.5054,-0.0478,-1.463,HSP Gene,-0.551423352
42,GroEL,BU,BU19-01,28,LG,LN,LNLG,1.156688184,4,4,0.0829,0.0065,0.1388,0.6351,0.0374,-0.5054,-0.0478,-1.463,HSP Gene,0.145775138
42,GroES,BU,BU19-01,28,LG,LN,LNLG,1.905275996,4,4,0.0829,0.0065,0.1388,0.6351,0.0374,-0.5054,-0.0478,-1.463,HSP Gene,0.64884257
42,GrpE,BU,BU19-01,28,LG,LN,LNLG,0.91383145,4,4,0.0829,0.0065,0.1388,0.6351,0.0374,-0.5054,-0.0478,-1.463,HSP Gene,-0.090027167
42,Hep,BU,BU19-01,28,LG,LN,LNLG,0.646176415,4,4,0.0829,0.0065,0.1388,0.6351,0.0374,-0.5054,-0.0478,-1.463,Toxin Gene,-0.434762196
42,HrcA,BU,BU19-01,28,LG,LN,LNLG,0.586417475,4,4,0.0829,0.0065,0.1388,0.6351,0.0374,-0.5054,-0.0478,-1.463,HSP Gene,-0.530856262
42,Hsp20,BU,BU19-01,28,LG,LN,LNLG,78.79324245,4,4,0.0829,0.0065,0.1388,0.6351,0.0374,-0.5054,-0.0478,-1.463,HSP Gene,4.565236548
42,HspA,BU,BU19-01,28,LG,LN,LNLG,1.229034282,4,4,0.0829,0.0065,0.1388,0.6351,0.0374,-0.5054,-0.0478,-1.463,HSP Gene,0.206658921
42,HtpG,BU,BU19-01,28,LG,LN,LNLG,0.588459349,4,4,0.0829,0.0065,0.1388,0.6351,0.0374,-0.5054,-0.0478,-1.463,HSP Gene,-0.527417521
43,ClpB,BU,BU19-02,28,LG,LN,LNLG,1.094293701,4,4,0.0778,-0.35578,0.0171,-0.846,0.1273,-0.5281,-0.1297,-1.2697,HSP Gene,0.0901912
43,DnaJ,BU,BU19-02,28,LG,LN,LNLG,1.526259209,4,4,0.0778,-0.35578,0.0171,-0.846,0.1273,-0.5281,-0.1297,-1.2697,HSP Gene,0.424630757
43,DnaK-fp,BU,BU19-02,28,LG,LN,LNLG,0.678302164,4,4,0.0778,-0.35578,0.0171,-0.846,0.1273,-0.5281,-0.1297,-1.2697,HSP Gene,-0.386644471
43,DnaK1,BU,BU19-02,28,LG,LN,LNLG,9.781122222,4,4,0.0778,-0.35578,0.0171,-0.846,0.1273,-0.5281,-0.1297,-1.2697,HSP Gene,2.333800298
43,DnaK3,BU,BU19-02,28,LG,LN,LNLG,1.292352831,4,4,0.0778,-0.35578,0.0171,-0.846,0.1273,-0.5281,-0.1297,-1.2697,HSP Gene,0.25712999
43,GroEL,BU,BU19-02,28,LG,LN,LNLG,0.578344092,4,4,0.0778,-0.35578,0.0171,-0.846,0.1273,-0.5281,-0.1297,-1.2697,HSP Gene,-0.544568615
43,GroES,BU,BU19-02,28,LG,LN,LNLG,0.50697974,4,4,0.0778,-0.35578,0.0171,-0.846,0.1273,-0.5281,-0.1297,-1.2697,HSP Gene,-0.674644605
43,GrpE,BU,BU19-02,28,LG,LN,LNLG,1.394743666,4,4,0.0778,-0.35578,0.0171,-0.846,0.1273,-0.5281,-0.1297,-1.2697,HSP Gene,0.333831301
43,Hep,BU,BU19-02,28,LG,LN,LNLG,0.312082637,4,4,0.0778,-0.35578,0.0171,-0.846,0.1273,-0.5281,-0.1297,-1.2697,Toxin Gene,-1.150896766
43,HrcA,BU,BU19-02,28,LG,LN,LNLG,1.049716684,4,4,0.0778,-0.35578,0.0171,-0.846,0.1273,-0.5281,-0.1297,-1.2697,HSP Gene,0.048544091
43,Hsp20,BU,BU19-02,28,LG,LN,LNLG,9.781122222,4,4,0.0778,-0.35578,0.0171,-0.846,0.1273,-0.5281,-0.1297,-1.2697,HSP Gene,2.333800298
43,HspA,BU,BU19-02,28,LG,LN,LNLG,7.944739963,4,4,0.0778,-0.35578,0.0171,-0.846,0.1273,-0.5281,-0.1297,-1.2697,HSP Gene,2.116508829
43,HtpG,BU,BU19-02,28,LG,LN,LNLG,0.946057647,4,4,0.0778,-0.35578,0.0171,-0.846,0.1273,-0.5281,-0.1297,-1.2697,HSP Gene,-0.055420726
44,ClpB,BU,BU19-04,28,LG,LN,LNLG,0.812252396,3,3,0.205,0.522,0.205,0.522,-0.025,-6.9875,-0.071,-8.4914,HSP Gene,-0.20750799
44,DnaJ,BU,BU19-04,28,LG,LN,LNLG,150.9522295,3,3,0.205,0.522,0.205,0.522,-0.025,-6.9875,-0.071,-8.4914,HSP Gene,5.280016555
44,DnaK-fp,BU,BU19-04,28,LG,LN,LNLG,21.8181664,3,3,0.205,0.522,0.205,0.522,-0.025,-6.9875,-0.071,-8.4914,HSP Gene,3.180760069
44,DnaK1,BU,BU19-04,28,LG,LN,LNLG,0.000622344,3,3,0.205,0.522,0.205,0.522,-0.025,-6.9875,-0.071,-8.4914,HSP Gene,-6.857943774
44,DnaK3,BU,BU19-04,28,LG,LN,LNLG,15.83439351,3,3,0.205,0.522,0.205,0.522,-0.025,-6.9875,-0.071,-8.4914,HSP Gene,2.840705396
44,GroEL,BU,BU19-04,28,LG,LN,LNLG,58.3142841,3,3,0.205,0.522,0.205,0.522,-0.025,-6.9875,-0.071,-8.4914,HSP Gene,4.237495297
44,GroES,BU,BU19-04,28,LG,LN,LNLG,3.138336392,3,3,0.205,0.522,0.205,0.522,-0.025,-6.9875,-0.071,-8.4914,HSP Gene,1.157007654
44,GrpE,BU,BU19-04,28,LG,LN,LNLG,11.54898055,3,3,0.205,0.522,0.205,0.522,-0.025,-6.9875,-0.071,-8.4914,HSP Gene,2.50806876
44,Hep,BU,BU19-04,28,LG,LN,LNLG,5.086687003,3,3,0.205,0.522,0.205,0.522,-0.025,-6.9875,-0.071,-8.4914,Toxin Gene,1.653648319
44,HrcA,BU,BU19-04,28,LG,LN,LNLG,31.06938118,3,3,0.205,0.522,0.205,0.522,-0.025,-6.9875,-0.071,-8.4914,HSP Gene,3.558300166
44,Hsp20,BU,BU19-04,28,LG,LN,LNLG,0.000622344,3,3,0.205,0.522,0.205,0.522,-0.025,-6.9875,-0.071,-8.4914,HSP Gene,-6.857943774
44,HspA,BU,BU19-04,28,LG,LN,LNLG,50.53436735,3,3,0.205,0.522,0.205,0.522,-0.025,-6.9875,-0.071,-8.4914,HSP Gene,4.082268286
44,HtpG,BU,BU19-04,28,LG,LN,LNLG,24.08394796,3,3,0.205,0.522,0.205,0.522,-0.025,-6.9875,-0.071,-8.4914,HSP Gene,3.286016532
45,ClpB,CH,CH19-02,28,LG,HN,HNLG,41.93258892,5,none,0.1123,-0.8192,0.2318,-0.2205,0.0471,-1.1454,0.1006,-0.8778,HSP Gene,3.880670026
45,DnaJ,CH,CH19-02,28,LG,HN,HNLG,1.433955248,5,none,0.1123,-0.8192,0.2318,-0.2205,0.0471,-1.1454,0.1006,-0.8778,HSP Gene,0.361751992
45,DnaK-fp,CH,CH19-02,28,LG,HN,HNLG,1.591072968,5,none,0.1123,-0.8192,0.2318,-0.2205,0.0471,-1.1454,0.1006,-0.8778,HSP Gene,0.466593979
45,DnaK1,CH,CH19-02,28,LG,HN,HNLG,0.234880687,5,none,0.1123,-0.8192,0.2318,-0.2205,0.0471,-1.1454,0.1006,-0.8778,HSP Gene,-1.427684251
45,DnaK3,CH,CH19-02,28,LG,HN,HNLG,1.569168196,5,none,0.1123,-0.8192,0.2318,-0.2205,0.0471,-1.1454,0.1006,-0.8778,HSP Gene,0.452602321
45,GroEL,CH,CH19-02,28,LG,HN,HNLG,0.888842681,5,none,0.1123,-0.8192,0.2318,-0.2205,0.0471,-1.1454,0.1006,-0.8778,HSP Gene,-0.117694879
45,GroES,CH,CH19-02,28,LG,HN,HNLG,0.532185091,5,none,0.1123,-0.8192,0.2318,-0.2205,0.0471,-1.1454,0.1006,-0.8778,HSP Gene,-0.626762131
45,GrpE,CH,CH19-02,28,LG,HN,HNLG,1428.217514,5,none,0.1123,-0.8192,0.2318,-0.2205,0.0471,-1.1454,0.1006,-0.8778,HSP Gene,7.824254865
45,Hep,CH,CH19-02,28,LG,HN,HNLG,0.169575541,5,none,0.1123,-0.8192,0.2318,-0.2205,0.0471,-1.1454,0.1006,-0.8778,Toxin Gene,-1.743028426
45,HrcA,CH,CH19-02,28,LG,HN,HNLG,3.506422885,5,none,0.1123,-0.8192,0.2318,-0.2205,0.0471,-1.1454,0.1006,-0.8778,HSP Gene,1.270630688
45,Hsp20,CH,CH19-02,28,LG,HN,HNLG,0.234880687,5,none,0.1123,-0.8192,0.2318,-0.2205,0.0471,-1.1454,0.1006,-0.8778,HSP Gene,-1.427684251
45,HspA,CH,CH19-02,28,LG,HN,HNLG,15084.77159,5,none,0.1123,-0.8192,0.2318,-0.2205,0.0471,-1.1454,0.1006,-0.8778,HSP Gene,10.62015934
45,HtpG,CH,CH19-02,28,LG,HN,HNLG,0.074325445,5,none,0.1123,-0.8192,0.2318,-0.2205,0.0471,-1.1454,0.1006,-0.8778,HSP Gene,-2.532234799
47,ClpB,CR,CR19-05,28,LG,LN,LNLG,2.114036081,4,4,0.2192,-0.0189,0.2948,2.0635,0.1576,-1.7145,-0.0641,-7.8158,HSP Gene,0.754288209
47,DnaJ,CR,CR19-05,28,LG,LN,LNLG,1.931872658,4,4,0.2192,-0.0189,0.2948,2.0635,0.1576,-1.7145,-0.0641,-7.8158,HSP Gene,0.662889195
47,DnaK-fp,CR,CR19-05,28,LG,LN,LNLG,5.098242509,4,4,0.2192,-0.0189,0.2948,2.0635,0.1576,-1.7145,-0.0641,-7.8158,HSP Gene,1.655993317
47,DnaK1,CR,CR19-05,28,LG,LN,LNLG,4.28709385,4,4,0.2192,-0.0189,0.2948,2.0635,0.1576,-1.7145,-0.0641,-7.8158,HSP Gene,1.477222413
47,DnaK3,CR,CR19-05,28,LG,LN,LNLG,2.828427125,4,4,0.2192,-0.0189,0.2948,2.0635,0.1576,-1.7145,-0.0641,-7.8158,HSP Gene,1.050717013
47,GroEL,CR,CR19-05,28,LG,LN,LNLG,0.650670928,4,4,0.2192,-0.0189,0.2948,2.0635,0.1576,-1.7145,-0.0641,-7.8158,HSP Gene,-0.427891122
47,GroES,CR,CR19-05,28,LG,LN,LNLG,0.473028823,4,4,0.2192,-0.0189,0.2948,2.0635,0.1576,-1.7145,-0.0641,-7.8158,HSP Gene,-0.742966774
47,GrpE,CR,CR19-05,28,LG,LN,LNLG,4.112455307,4,4,0.2192,-0.0189,0.2948,2.0635,0.1576,-1.7145,-0.0641,-7.8158,HSP Gene,1.434410439
47,Hep,CR,CR19-05,28,LG,LN,LNLG,4.112455307,4,4,0.2192,-0.0189,0.2948,2.0635,0.1576,-1.7145,-0.0641,-7.8158,Toxin Gene,1.434410439
47,HrcA,CR,CR19-05,28,LG,LN,LNLG,5.098242509,4,4,0.2192,-0.0189,0.2948,2.0635,0.1576,-1.7145,-0.0641,-7.8158,HSP Gene,1.655993317
47,Hsp20,CR,CR19-05,28,LG,LN,LNLG,4.28709385,4,4,0.2192,-0.0189,0.2948,2.0635,0.1576,-1.7145,-0.0641,-7.8158,HSP Gene,1.477222413
47,HspA,CR,CR19-05,28,LG,LN,LNLG,85.0358921,4,4,0.2192,-0.0189,0.2948,2.0635,0.1576,-1.7145,-0.0641,-7.8158,HSP Gene,4.648578866
47,HtpG,CR,CR19-05,28,LG,LN,LNLG,3.160165247,4,4,0.2192,-0.0189,0.2948,2.0635,0.1576,-1.7145,-0.0641,-7.8158,HSP Gene,1.164101638
48,ClpB,CR,CR19-06,28,LG,LN,LNLG,4.75682846,5,none,0.1727,0.2914,0.1394,-0.2999,0.245,1.5747,0.1046,-0.9168,HSP Gene,1.584409847
48,DnaJ,CR,CR19-06,28,LG,LN,LNLG,1.931872658,5,none,0.1727,0.2914,0.1394,-0.2999,0.245,1.5747,0.1046,-0.9168,HSP Gene,0.662889195
48,DnaK-fp,CR,CR19-06,28,LG,LN,LNLG,3.434261746,5,none,0.1727,0.2914,0.1394,-0.2999,0.245,1.5747,0.1046,-0.9168,HSP Gene,1.249306973
48,DnaK1,CR,CR19-06,28,LG,LN,LNLG,1.205807828,5,none,0.1727,0.2914,0.1394,-0.2999,0.245,1.5747,0.1046,-0.9168,HSP Gene,0.187503973
48,DnaK3,CR,CR19-06,28,LG,LN,LNLG,2.828427125,5,none,0.1727,0.2914,0.1394,-0.2999,0.245,1.5747,0.1046,-0.9168,HSP Gene,1.050717013
48,GroEL,CR,CR19-06,28,LG,LN,LNLG,0.829319546,5,none,0.1727,0.2914,0.1394,-0.2999,0.245,1.5747,0.1046,-0.9168,HSP Gene,-0.186796396
48,GroES,CR,CR19-06,28,LG,LN,LNLG,0.858565436,5,none,0.1727,0.2914,0.1394,-0.2999,0.245,1.5747,0.1046,-0.9168,HSP Gene,-0.152257733
48,GrpE,CR,CR19-06,28,LG,LN,LNLG,1.705269784,5,none,0.1727,0.2914,0.1394,-0.2999,0.245,1.5747,0.1046,-0.9168,HSP Gene,0.536611079
48,Hep,CR,CR19-06,28,LG,LN,LNLG,1.125058485,5,none,0.1727,0.2914,0.1394,-0.2999,0.245,1.5747,0.1046,-0.9168,Toxin Gene,0.117975386
48,HrcA,CR,CR19-06,28,LG,LN,LNLG,4.75682846,5,none,0.1727,0.2914,0.1394,-0.2999,0.245,1.5747,0.1046,-0.9168,HSP Gene,1.584409847
48,Hsp20,CR,CR19-06,28,LG,LN,LNLG,1.205807828,5,none,0.1727,0.2914,0.1394,-0.2999,0.245,1.5747,0.1046,-0.9168,HSP Gene,0.187503973
48,HspA,CR,CR19-06,28,LG,LN,LNLG,155.4169452,5,none,0.1727,0.2914,0.1394,-0.2999,0.245,1.5747,0.1046,-0.9168,HSP Gene,5.312283238
48,HtpG,CR,CR19-06,28,LG,LN,LNLG,2.789487333,5,none,0.1727,0.2914,0.1394,-0.2999,0.245,1.5747,0.1046,-0.9168,HSP Gene,1.036561788
49,ClpB,F,F19-02,28,HG,HN,HNHG,1.244874235,4,4,0.0686,-1.0761,0.1092,-0.7687,0.0356,-1.3264,-0.3024,-3.8902,HSP Gene,0.219519832
49,DnaJ,F,F19-02,28,HG,HN,HNHG,0.500693628,4,4,0.0686,-1.0761,0.1092,-0.7687,0.0356,-1.3264,-0.3024,-3.8902,HSP Gene,-0.686949656
49,DnaK-fp,F,F19-02,28,HG,HN,HNHG,1.079228237,4,4,0.0686,-1.0761,0.1092,-0.7687,0.0356,-1.3264,-0.3024,-3.8902,HSP Gene,0.076304943
49,DnaK1,F,F19-02,28,HG,HN,HNHG,578.7538186,4,4,0.0686,-1.0761,0.1092,-0.7687,0.0356,-1.3264,-0.3024,-3.8902,HSP Gene,6.787655
49,DnaK3,F,F19-02,28,HG,HN,HNHG,1.112650121,4,4,0.0686,-1.0761,0.1092,-0.7687,0.0356,-1.3264,-0.3024,-3.8902,HSP Gene,0.106859844
49,GroEL,F,F19-02,28,HG,HN,HNHG,0.464580337,4,4,0.0686,-1.0761,0.1092,-0.7687,0.0356,-1.3264,-0.3024,-3.8902,HSP Gene,-0.760714872
49,GroES,F,F19-02,28,HG,HN,HNHG,0.516199268,4,4,0.0686,-1.0761,0.1092,-0.7687,0.0356,-1.3264,-0.3024,-3.8902,HSP Gene,-0.656865164
49,GrpE,F,F19-02,28,HG,HN,HNHG,0.034674046,4,4,0.0686,-1.0761,0.1092,-0.7687,0.0356,-1.3264,-0.3024,-3.8902,HSP Gene,-3.250148698
49,Hep,F,F19-02,28,HG,HN,HNHG,199.8651992,4,4,0.0686,-1.0761,0.1092,-0.7687,0.0356,-1.3264,-0.3024,-3.8902,Toxin Gene,5.591517846
49,HrcA,F,F19-02,28,HG,HN,HNHG,9.794691139,4,4,0.0686,-1.0761,0.1092,-0.7687,0.0356,-1.3264,-0.3024,-3.8902,HSP Gene,2.335251973
49,Hsp20,F,F19-02,28,HG,HN,HNHG,80.00398737,4,4,0.0686,-1.0761,0.1092,-0.7687,0.0356,-1.3264,-0.3024,-3.8902,HSP Gene,4.581894744
49,HspA,F,F19-02,28,HG,HN,HNHG,0.159515643,4,4,0.0686,-1.0761,0.1092,-0.7687,0.0356,-1.3264,-0.3024,-3.8902,HSP Gene,-1.801995014
49,HtpG,F,F19-02,28,HG,HN,HNHG,1.832737289,4,4,0.0686,-1.0761,0.1092,-0.7687,0.0356,-1.3264,-0.3024,-3.8902,HSP Gene,0.609532942
50,ClpB,FA,FA19-02,28,HG,HN,HNHG,0.033400187,3,3,0.4746,1.267,0.4746,1.267,-0.0752,-2.1011,-0.1404,-2.5003,HSP Gene,-3.285107799
50,DnaJ,FA,FA19-02,28,HG,HN,HNHG,0.915099168,3,3,0.4746,1.267,0.4746,1.267,-0.0752,-2.1011,-0.1404,-2.5003,HSP Gene,-0.088643374
50,DnaK-fp,FA,FA19-02,28,HG,HN,HNHG,0.395020656,3,3,0.4746,1.267,0.4746,1.267,-0.0752,-2.1011,-0.1404,-2.5003,HSP Gene,-0.920157315
50,DnaK1,FA,FA19-02,28,HG,HN,HNHG,0.930969622,3,3,0.4746,1.267,0.4746,1.267,-0.0752,-2.1011,-0.1404,-2.5003,HSP Gene,-0.071476977
50,DnaK3,FA,FA19-02,28,HG,HN,HNHG,0.955282936,3,3,0.4746,1.267,0.4746,1.267,-0.0752,-2.1011,-0.1404,-2.5003,HSP Gene,-0.045726581
50,GroEL,FA,FA19-02,28,HG,HN,HNHG,0.436483796,3,3,0.4746,1.267,0.4746,1.267,-0.0752,-2.1011,-0.1404,-2.5003,HSP Gene,-0.822100723
50,GroES,FA,FA19-02,28,HG,HN,HNHG,0.452503231,3,3,0.4746,1.267,0.4746,1.267,-0.0752,-2.1011,-0.1404,-2.5003,HSP Gene,-0.78664278
50,GrpE,FA,FA19-02,28,HG,HN,HNHG,0.162667732,3,3,0.4746,1.267,0.4746,1.267,-0.0752,-2.1011,-0.1404,-2.5003,HSP Gene,-1.783135951
50,Hep,FA,FA19-02,28,HG,HN,HNHG,0.003221615,3,3,0.4746,1.267,0.4746,1.267,-0.0752,-2.1011,-0.1404,-2.5003,Toxin Gene,-5.41780085
50,HrcA,FA,FA19-02,28,HG,HN,HNHG,7.022574381,3,3,0.4746,1.267,0.4746,1.267,-0.0752,-2.1011,-0.1404,-2.5003,HSP Gene,1.988013377
50,Hsp20,FA,FA19-02,28,HG,HN,HNHG,0.12869251,3,3,0.4746,1.267,0.4746,1.267,-0.0752,-2.1011,-0.1404,-2.5003,HSP Gene,-2.008446492
50,HspA,FA,FA19-02,28,HG,HN,HNHG,0.129767409,3,3,0.4746,1.267,0.4746,1.267,-0.0752,-2.1011,-0.1404,-2.5003,HSP Gene,-2.000465541
50,HtpG,FA,FA19-02,28,HG,HN,HNHG,1.209155676,3,3,0.4746,1.267,0.4746,1.267,-0.0752,-2.1011,-0.1404,-2.5003,HSP Gene,0.190287142
51,ClpB,FA,FA19-05,28,HG,HN,HNHG,0.015953314,3,3,0.1086,-0.9863,0.1086,-0.9863,-0.0652,-2.2099,-0.1118,-2.5377,HSP Gene,-3.969842067
51,DnaJ,FA,FA19-05,28,HG,HN,HNHG,2.250116969,3,3,0.1086,-0.9863,0.1086,-0.9863,-0.0652,-2.2099,-0.1118,-2.5377,HSP Gene,0.817661985
51,DnaK-fp,FA,FA19-05,28,HG,HN,HNHG,1.424050196,3,3,0.1086,-0.9863,0.1086,-0.9863,-0.0652,-2.2099,-0.1118,-2.5377,HSP Gene,0.354770354
51,DnaK1,FA,FA19-05,28,HG,HN,HNHG,0.113572464,3,3,0.1086,-0.9863,0.1086,-0.9863,-0.0652,-2.2099,-0.1118,-2.5377,HSP Gene,-2.128208847
51,DnaK3,FA,FA19-05,28,HG,HN,HNHG,3.758090997,3,3,0.1086,-0.9863,0.1086,-0.9863,-0.0652,-2.2099,-0.1118,-2.5377,HSP Gene,1.341774466
51,GroEL,FA,FA19-05,28,HG,HN,HNHG,0.420448208,3,3,0.1086,-0.9863,0.1086,-0.9863,-0.0652,-2.2099,-0.1118,-2.5377,HSP Gene,-0.858895118
51,GroES,FA,FA19-05,28,HG,HN,HNHG,0.473028823,3,3,0.1086,-0.9863,0.1086,-0.9863,-0.0652,-2.2099,-0.1118,-2.5377,HSP Gene,-0.742966774
51,GrpE,FA,FA19-05,28,HG,HN,HNHG,0.543367431,3,3,0.1086,-0.9863,0.1086,-0.9863,-0.0652,-2.2099,-0.1118,-2.5377,HSP Gene,-0.606226699
51,Hep,FA,FA19-05,28,HG,HN,HNHG,31.62961362,3,3,0.1086,-0.9863,0.1086,-0.9863,-0.0652,-2.2099,-0.1118,-2.5377,Toxin Gene,3.577459295
51,HrcA,FA,FA19-05,28,HG,HN,HNHG,434802.286,3,3,0.1086,-0.9863,0.1086,-0.9863,-0.0652,-2.2099,-0.1118,-2.5377,HSP Gene,14.84430053
51,Hsp20,FA,FA19-05,28,HG,HN,HNHG,2.25E-06,3,3,0.1086,-0.9863,0.1086,-0.9863,-0.0652,-2.2099,-0.1118,-2.5377,HSP Gene,-11.43657395
51,HspA,FA,FA19-05,28,HG,HN,HNHG,6888.623434,3,3,0.1086,-0.9863,0.1086,-0.9863,-0.0652,-2.2099,-0.1118,-2.5377,HSP Gene,9.675676038
51,HtpG,FA,FA19-05,28,HG,HN,HNHG,157.5864849,3,3,0.1086,-0.9863,0.1086,-0.9863,-0.0652,-2.2099,-0.1118,-2.5377,HSP Gene,5.327636087
52,ClpB,FA,FA19-06,28,HG,HN,HNHG,0.993092495,2,2,-0.0679,-1.4157,-0.0309,-1.0925,-0.0587,-1.3358,-0.11,-1.7844,HSP Gene,-0.006930987
52,DnaJ,FA,FA19-06,28,HG,HN,HNHG,2.345669898,2,2,-0.0679,-1.4157,-0.0309,-1.0925,-0.0587,-1.3358,-0.11,-1.7844,HSP Gene,0.859955563
52,DnaK-fp,FA,FA19-06,28,HG,HN,HNHG,8.282119391,2,2,-0.0679,-1.4157,-0.0309,-1.0925,-0.0587,-1.3358,-0.11,-1.7844,HSP Gene,2.159894129
52,DnaK1,FA,FA19-06,28,HG,HN,HNHG,11.79415374,2,2,-0.0679,-1.4157,-0.0309,-1.0925,-0.0587,-1.3358,-0.11,-1.7844,HSP Gene,2.530144611
52,DnaK3,FA,FA19-06,28,HG,HN,HNHG,6.02098699,2,2,-0.0679,-1.4157,-0.0309,-1.0925,-0.0587,-1.3358,-0.11,-1.7844,HSP Gene,1.828203172
52,GroEL,FA,FA19-06,28,HG,HN,HNHG,0.979420298,2,2,-0.0679,-1.4157,-0.0309,-1.0925,-0.0587,-1.3358,-0.11,-1.7844,HSP Gene,-0.020790048
52,GroES,FA,FA19-06,28,HG,HN,HNHG,0.876605721,2,2,-0.0679,-1.4157,-0.0309,-1.0925,-0.0587,-1.3358,-0.11,-1.7844,HSP Gene,-0.131522924
52,GrpE,FA,FA19-06,28,HG,HN,HNHG,3.944930818,2,2,-0.0679,-1.4157,-0.0309,-1.0925,-0.0587,-1.3358,-0.11,-1.7844,HSP Gene,1.391634419
52,Hep,FA,FA19-06,28,HG,HN,HNHG,806.7101448,2,2,-0.0679,-1.4157,-0.0309,-1.0925,-0.0587,-1.3358,-0.11,-1.7844,Toxin Gene,7.166549014
52,HrcA,FA,FA19-06,28,HG,HN,HNHG,10.62948651,2,2,-0.0679,-1.4157,-0.0309,-1.0925,-0.0587,-1.3358,-0.11,-1.7844,HSP Gene,2.420972797
52,Hsp20,FA,FA19-06,28,HG,HN,HNHG,11.79415374,2,2,-0.0679,-1.4157,-0.0309,-1.0925,-0.0587,-1.3358,-0.11,-1.7844,HSP Gene,2.530144611
52,HspA,FA,FA19-06,28,HG,HN,HNHG,0.25,2,2,-0.0679,-1.4157,-0.0309,-1.0925,-0.0587,-1.3358,-0.11,-1.7844,HSP Gene,-1.367062076
52,HtpG,FA,FA19-06,28,HG,HN,HNHG,3.410539567,2,2,-0.0679,-1.4157,-0.0309,-1.0925,-0.0587,-1.3358,-0.11,-1.7844,HSP Gene,1.242201059
53,ClpB,G,G19-01,28,LG,LN,LNLG,1.831114687,4,4,0.2,1.0611,0.2159,1.2245,0.1871,0.928,-0.186,-2.9222,HSP Gene,0.608636307
53,DnaJ,G,G19-01,28,LG,LN,LNLG,0.697371833,4,4,0.2,1.0611,0.2159,1.2245,0.1871,0.928,-0.186,-2.9222,HSP Gene,-0.359127446
53,DnaK-fp,G,G19-01,28,LG,LN,LNLG,0.083620472,4,4,0.2,1.0611,0.2159,1.2245,0.1871,0.928,-0.186,-2.9222,HSP Gene,-2.420294599
53,DnaK1,G,G19-01,28,LG,LN,LNLG,0.000575358,4,4,0.2,1.0611,0.2159,1.2245,0.1871,0.928,-0.186,-2.9222,HSP Gene,-6.925514542
53,DnaK3,G,G19-01,28,LG,LN,LNLG,0.517632462,4,4,0.2,1.0611,0.2159,1.2245,0.1871,0.928,-0.186,-2.9222,HSP Gene,-0.654129291
53,GroEL,G,G19-01,28,LG,LN,LNLG,3.116658319,4,4,0.2,1.0611,0.2159,1.2245,0.1871,0.928,-0.186,-2.9222,HSP Gene,1.149914663
53,GroES,G,G19-01,28,LG,LN,LNLG,3.944930818,4,4,0.2,1.0611,0.2159,1.2245,0.1871,0.928,-0.186,-2.9222,HSP Gene,1.391634419
53,GrpE,G,G19-01,28,LG,LN,LNLG,0.011280697,4,4,0.2,1.0611,0.2159,1.2245,0.1871,0.928,-0.186,-2.9222,HSP Gene,-4.287507458
53,Hep,G,G19-01,28,LG,LN,LNLG,74.54294953,4,4,0.2,1.0611,0.2159,1.2245,0.1871,0.928,-0.186,-2.9222,Toxin Gene,4.504704534
53,HrcA,G,G19-01,28,LG,LN,LNLG,0.030819772,4,4,0.2,1.0611,0.2159,1.2245,0.1871,0.928,-0.186,-2.9222,HSP Gene,-3.360115782
53,Hsp20,G,G19-01,28,LG,LN,LNLG,0.000685764,4,4,0.2,1.0611,0.2159,1.2245,0.1871,0.928,-0.186,-2.9222,HSP Gene,-6.774265645
53,HspA,G,G19-01,28,LG,LN,LNLG,28.64080227,4,4,0.2,1.0611,0.2159,1.2245,0.1871,0.928,-0.186,-2.9222,HSP Gene,3.471130657
53,HtpG,G,G19-01,28,LG,LN,LNLG,4.253366574,4,4,0.2,1.0611,0.2159,1.2245,0.1871,0.928,-0.186,-2.9222,HSP Gene,1.469089079
54,ClpB,G,G19-02,28,LG,LN,LNLG,66.18645591,5,none,0.1029,0.0099,0.1776,0.9344,0.0936,-0.1049,0.0542,-0.5926,HSP Gene,4.375140233
54,DnaJ,G,G19-02,28,LG,LN,LNLG,5.218267692,5,none,0.1029,0.0099,0.1776,0.9344,0.0936,-0.1049,0.0542,-0.5926,HSP Gene,1.680047054
54,DnaK-fp,G,G19-02,28,LG,LN,LNLG,5.084433165,5,none,0.1029,0.0099,0.1776,0.9344,0.0936,-0.1049,0.0542,-0.5926,HSP Gene,1.653190332
54,DnaK1,G,G19-02,28,LG,LN,LNLG,0.553555487,5,none,0.1029,0.0099,0.1776,0.9344,0.0936,-0.1049,0.0542,-0.5926,HSP Gene,-0.587874524
54,DnaK3,G,G19-02,28,LG,LN,LNLG,3.803414565,5,none,0.1029,0.0099,0.1776,0.9344,0.0936,-0.1049,0.0542,-0.5926,HSP Gene,1.354089032
54,GroEL,G,G19-02,28,LG,LN,LNLG,1.695504649,5,none,0.1029,0.0099,0.1776,0.9344,0.0936,-0.1049,0.0542,-0.5926,HSP Gene,0.530806254
54,GroES,G,G19-02,28,LG,LN,LNLG,1.760169405,5,none,0.1029,0.0099,0.1776,0.9344,0.0936,-0.1049,0.0542,-0.5926,HSP Gene,0.568651565
54,GrpE,G,G19-02,28,LG,LN,LNLG,3.783697064,5,none,0.1029,0.0099,0.1776,0.9344,0.0936,-0.1049,0.0542,-0.5926,HSP Gene,1.348749487
54,Hep,G,G19-02,28,LG,LN,LNLG,6.623259599,5,none,0.1029,0.0099,0.1776,0.9344,0.0936,-0.1049,0.0542,-0.5926,Toxin Gene,1.927155968
54,HrcA,G,G19-02,28,LG,LN,LNLG,0.88116464,5,none,0.1029,0.0099,0.1776,0.9344,0.0936,-0.1049,0.0542,-0.5926,HSP Gene,-0.126349264
54,Hsp20,G,G19-02,28,LG,LN,LNLG,0.57321285,5,none,0.1029,0.0099,0.1776,0.9344,0.0936,-0.1049,0.0542,-0.5926,HSP Gene,-0.553381671
54,HspA,G,G19-02,28,LG,LN,LNLG,3.813814012,5,none,0.1029,0.0099,0.1776,0.9344,0.0936,-0.1049,0.0542,-0.5926,HSP Gene,1.356894312
54,HtpG,G,G19-02,28,LG,LN,LNLG,18.19473676,5,none,0.1029,0.0099,0.1776,0.9344,0.0936,-0.1049,0.0542,-0.5926,HSP Gene,2.987833726
55,ClpB,SM,SM19-01,28,HG,HN,HNHG,0.012344395,2,2,-0.2164,-1.4013,-0.0093,-0.3767,-0.0409,-0.5331,-0.6165,-3.3801,HSP Gene,-4.205128337
55,DnaJ,SM,SM19-01,28,HG,HN,HNHG,0.972654947,2,2,-0.2164,-1.4013,-0.0093,-0.3767,-0.0409,-0.5331,-0.6165,-3.3801,HSP Gene,-0.027718124
55,DnaK-fp,SM,SM19-01,28,HG,HN,HNHG,0.192109398,2,2,-0.2164,-1.4013,-0.0093,-0.3767,-0.0409,-0.5331,-0.6165,-3.3801,HSP Gene,-1.622503467
55,DnaK1,SM,SM19-01,28,HG,HN,HNHG,21.70566924,2,2,-0.2164,-1.4013,-0.0093,-0.3767,-0.0409,-0.5331,-0.6165,-3.3801,HSP Gene,3.175258716
55,DnaK3,SM,SM19-01,28,HG,HN,HNHG,0.795536484,2,2,-0.2164,-1.4013,-0.0093,-0.3767,-0.0409,-0.5331,-0.6165,-3.3801,HSP Gene,-0.228210884
55,GroEL,SM,SM19-01,28,HG,HN,HNHG,1.385109468,2,2,-0.2164,-1.4013,-0.0093,-0.3767,-0.0409,-0.5331,-0.6165,-3.3801,HSP Gene,0.326853572
55,GroES,SM,SM19-01,28,HG,HN,HNHG,2.265767771,2,2,-0.2164,-1.4013,-0.0093,-0.3767,-0.0409,-0.5331,-0.6165,-3.3801,HSP Gene,0.824708448
55,GrpE,SM,SM19-01,28,HG,HN,HNHG,0.228457863,2,2,-0.2164,-1.4013,-0.0093,-0.3767,-0.0409,-0.5331,-0.6165,-3.3801,HSP Gene,-1.454602923
55,Hep,SM,SM19-01,28,HG,HN,HNHG,21.70566924,2,2,-0.2164,-1.4013,-0.0093,-0.3767,-0.0409,-0.5331,-0.6165,-3.3801,Toxin Gene,3.175258716
55,HrcA,SM,SM19-01,28,HG,HN,HNHG,0.148650889,2,2,-0.2164,-1.4013,-0.0093,-0.3767,-0.0409,-0.5331,-0.6165,-3.3801,HSP Gene,-1.869920076
55,Hsp20,SM,SM19-01,28,HG,HN,HNHG,21.70566924,2,2,-0.2164,-1.4013,-0.0093,-0.3767,-0.0409,-0.5331,-0.6165,-3.3801,HSP Gene,3.175258716
55,HspA,SM,SM19-01,28,HG,HN,HNHG,0.05440941,2,2,-0.2164,-1.4013,-0.0093,-0.3767,-0.0409,-0.5331,-0.6165,-3.3801,HSP Gene,-2.827264055
55,HtpG,SM,SM19-01,28,HG,HN,HNHG,0.41754396,2,2,-0.2164,-1.4013,-0.0093,-0.3767,-0.0409,-0.5331,-0.6165,-3.3801,HSP Gene,-0.865705842
56,ClpB,SM,SM19-03,28,LG,HN,HNLG,1.484523571,4,4,0.3065,0.2153,0.4052,0.6966,0.226,-0.1767,-0.283,-2.6573,HSP Gene,0.396674856
56,DnaJ,SM,SM19-03,28,LG,HN,HNLG,1.840375301,4,4,0.3065,0.2153,0.4052,0.6966,0.226,-0.1767,-0.283,-2.6573,HSP Gene,0.613743214
56,DnaK-fp,SM,SM19-03,28,LG,HN,HNLG,2,4,4,0.3065,0.2153,0.4052,0.6966,0.226,-0.1767,-0.283,-2.6573,HSP Gene,0.698022973
56,DnaK1,SM,SM19-03,28,LG,HN,HNLG,0.052921582,4,4,0.3065,0.2153,0.4052,0.6966,0.226,-0.1767,-0.283,-2.6573,HSP Gene,-2.853399015
56,DnaK3,SM,SM19-03,28,LG,HN,HNLG,2.37841423,4,4,0.3065,0.2153,0.4052,0.6966,0.226,-0.1767,-0.283,-2.6573,HSP Gene,0.87406132
56,GroEL,SM,SM19-03,28,LG,HN,HNLG,1.197478705,4,4,0.3065,0.2153,0.4052,0.6966,0.226,-0.1767,-0.283,-2.6573,HSP Gene,0.180546733
56,GroES,SM,SM19-03,28,LG,HN,HNLG,0.979420298,4,4,0.3065,0.2153,0.4052,0.6966,0.226,-0.1767,-0.283,-2.6573,HSP Gene,-0.020790048
56,GrpE,SM,SM19-03,28,LG,HN,HNLG,1.265756594,4,4,0.3065,0.2153,0.4052,0.6966,0.226,-0.1767,-0.283,-2.6573,HSP Gene,0.236231947
56,Hep,SM,SM19-03,28,LG,HN,HNLG,1.265756594,4,4,0.3065,0.2153,0.4052,0.6966,0.226,-0.1767,-0.283,-2.6573,Toxin Gene,0.236231947
56,HrcA,SM,SM19-03,28,LG,HN,HNLG,2.0139111,4,4,0.3065,0.2153,0.4052,0.6966,0.226,-0.1767,-0.283,-2.6573,HSP Gene,0.705052681
56,Hsp20,SM,SM19-03,28,LG,HN,HNLG,0.052921582,4,4,0.3065,0.2153,0.4052,0.6966,0.226,-0.1767,-0.283,-2.6573,HSP Gene,-2.853399015
56,HspA,SM,SM19-03,28,LG,HN,HNLG,1.753211443,4,4,0.3065,0.2153,0.4052,0.6966,0.226,-0.1767,-0.283,-2.6573,HSP Gene,0.564645382
56,HtpG,SM,SM19-03,28,LG,HN,HNLG,2.848100391,4,4,0.3065,0.2153,0.4052,0.6966,0.226,-0.1767,-0.283,-2.6573,HSP Gene,1.057796112
57,ClpB,SM,SM19-04,28,LG,HN,HNLG,0.817796929,2,2,0.1222,-1.3854,-0.0561,-3.1186,0.2674,0.026,0.0106,-2.4706,HSP Gene,-0.200733115
57,DnaJ,SM,SM19-04,28,LG,HN,HNLG,1.484523571,2,2,0.1222,-1.3854,-0.0561,-3.1186,0.2674,0.026,0.0106,-2.4706,HSP Gene,0.396674856
57,DnaK-fp,SM,SM19-04,28,LG,HN,HNLG,1.753211443,2,2,0.1222,-1.3854,-0.0561,-3.1186,0.2674,0.026,0.0106,-2.4706,HSP Gene,0.564645382
57,DnaK1,SM,SM19-04,28,LG,HN,HNLG,0.008431471,2,2,0.1222,-1.3854,-0.0561,-3.1186,0.2674,0.026,0.0106,-2.4706,HSP Gene,-4.552632947
57,DnaK3,SM,SM19-04,28,LG,HN,HNLG,2.250116969,2,2,0.1222,-1.3854,-0.0561,-3.1186,0.2674,0.026,0.0106,-2.4706,HSP Gene,0.817661985
57,GroEL,SM,SM19-04,28,LG,HN,HNLG,2.4794154,2,2,0.1222,-1.3854,-0.0561,-3.1186,0.2674,0.026,0.0106,-2.4706,HSP Gene,0.916402303
57,GroES,SM,SM19-04,28,LG,HN,HNLG,2.657371628,2,2,0.1222,-1.3854,-0.0561,-3.1186,0.2674,0.026,0.0106,-2.4706,HSP Gene,0.987049709
57,GrpE,SM,SM19-04,28,LG,HN,HNLG,3.944930818,2,2,0.1222,-1.3854,-0.0561,-3.1186,0.2674,0.026,0.0106,-2.4706,HSP Gene,1.391634419
57,Hep,SM,SM19-04,28,LG,HN,HNLG,0.000101939,2,2,0.1222,-1.3854,-0.0561,-3.1186,0.2674,0.026,0.0106,-2.4706,Toxin Gene,-8.388283446
57,HrcA,SM,SM19-04,28,LG,HN,HNLG,0.655196702,2,2,0.1222,-1.3854,-0.0561,-3.1186,0.2674,0.026,0.0106,-2.4706,HSP Gene,-0.421019087
57,Hsp20,SM,SM19-04,28,LG,HN,HNLG,0.008431471,2,2,0.1222,-1.3854,-0.0561,-3.1186,0.2674,0.026,0.0106,-2.4706,HSP Gene,-4.552632947
57,HspA,SM,SM19-04,28,LG,HN,HNLG,0.020496558,2,2,0.1222,-1.3854,-0.0561,-3.1186,0.2674,0.026,0.0106,-2.4706,HSP Gene,-3.738764343
57,HtpG,SM,SM19-04,28,LG,HN,HNLG,0.801069878,2,2,0.1222,-1.3854,-0.0561,-3.1186,0.2674,0.026,0.0106,-2.4706,HSP Gene,-0.221310885
58,ClpB,WH,WH19-01,28,LG,HN,HNLG,1.189207115,3,3,0.3247,1.2419,0.3247,1.2419,-0.0473,-3.9817,-0.0306,-3.7479,HSP Gene,0.173590466
58,DnaJ,WH,WH19-01,28,LG,HN,HNLG,1.658639092,3,3,0.3247,1.2419,0.3247,1.2419,-0.0473,-3.9817,-0.0306,-3.7479,HSP Gene,0.508592473
58,DnaK-fp,WH,WH19-01,28,LG,HN,HNLG,0.876605721,3,3,0.3247,1.2419,0.3247,1.2419,-0.0473,-3.9817,-0.0306,-3.7479,HSP Gene,-0.131522924
58,DnaK1,WH,WH19-01,28,LG,HN,HNLG,0.566441943,3,3,0.3247,1.2419,0.3247,1.2419,-0.0473,-3.9817,-0.0306,-3.7479,HSP Gene,-0.565129943
58,DnaK3,WH,WH19-01,28,LG,HN,HNLG,0.965936329,3,3,0.3247,1.2419,0.3247,1.2419,-0.0473,-3.9817,-0.0306,-3.7479,HSP Gene,-0.034645229
58,GroEL,WH,WH19-01,28,LG,HN,HNLG,1.109569472,3,3,0.3247,1.2419,0.3247,1.2419,-0.0473,-3.9817,-0.0306,-3.7479,HSP Gene,0.104081347
58,GroES,WH,WH19-01,28,LG,HN,HNLG,1.464085696,3,3,0.3247,1.2419,0.3247,1.2419,-0.0473,-3.9817,-0.0306,-3.7479,HSP Gene,0.382702776
58,GrpE,WH,WH19-01,28,LG,HN,HNLG,0.801069878,3,3,0.3247,1.2419,0.3247,1.2419,-0.0473,-3.9817,-0.0306,-3.7479,HSP Gene,-0.221310885
58,Hep,WH,WH19-01,28,LG,HN,HNLG,0.628506687,3,3,0.3247,1.2419,0.3247,1.2419,-0.0473,-3.9817,-0.0306,-3.7479,Toxin Gene,-0.462236869
58,HrcA,WH,WH19-01,28,LG,HN,HNLG,0.920187651,3,3,0.3247,1.2419,0.3247,1.2419,-0.0473,-3.9817,-0.0306,-3.7479,HSP Gene,-0.083107816
58,Hsp20,WH,WH19-01,28,LG,HN,HNLG,0.566441943,3,3,0.3247,1.2419,0.3247,1.2419,-0.0473,-3.9817,-0.0306,-3.7479,HSP Gene,-0.565129943
58,HspA,WH,WH19-01,28,LG,HN,HNLG,39.39662123,3,3,0.3247,1.2419,0.3247,1.2419,-0.0473,-3.9817,-0.0306,-3.7479,HSP Gene,3.813438471
58,HtpG,WH,WH19-01,28,LG,HN,HNLG,0.447512535,3,3,0.3247,1.2419,0.3247,1.2419,-0.0473,-3.9817,-0.0306,-3.7479,HSP Gene,-0.797555667
59,ClpB,WH,WH19-02,28,HG,HN,HNHG,0.408951029,4,4,0.1985,0.0694,0.3167,3.3029,0.1023,-2.5635,-0.1638,-9.8446,HSP Gene,-0.886132294
59,DnaJ,WH,WH19-02,28,HG,HN,HNHG,0.829319546,4,4,0.1985,0.0694,0.3167,3.3029,0.1023,-2.5635,-0.1638,-9.8446,HSP Gene,-0.186796396
59,DnaK-fp,WH,WH19-02,28,HG,HN,HNHG,0.269807059,4,4,0.1985,0.0694,0.3167,3.3029,0.1023,-2.5635,-0.1638,-9.8446,HSP Gene,-1.29286448
59,DnaK1,WH,WH19-02,28,HG,HN,HNHG,128.5746695,4,4,0.1985,0.0694,0.3167,3.3029,0.1023,-2.5635,-0.1638,-9.8446,HSP Gene,5.102735329
59,DnaK3,WH,WH19-02,28,HG,HN,HNHG,1.453972517,4,4,0.1985,0.0694,0.3167,3.3029,0.1023,-2.5635,-0.1638,-9.8446,HSP Gene,0.375718203
59,GroEL,WH,WH19-02,28,HG,HN,HNHG,1.580082624,4,4,0.1985,0.0694,0.3167,3.3029,0.1023,-2.5635,-0.1638,-9.8446,HSP Gene,0.45959766
59,GroES,WH,WH19-02,28,HG,HN,HNHG,3.031433133,4,4,0.1985,0.0694,0.3167,3.3029,0.1023,-2.5635,-0.1638,-9.8446,HSP Gene,1.121552631
59,GrpE,WH,WH19-02,28,HG,HN,HNHG,0.087777805,4,4,0.1985,0.0694,0.3167,3.3029,0.1023,-2.5635,-0.1638,-9.8446,HSP Gene,-2.374124059
59,Hep,WH,WH19-02,28,HG,HN,HNHG,0.001676886,4,4,0.1985,0.0694,0.3167,3.3029,0.1023,-2.5635,-0.1638,-9.8446,Toxin Gene,-5.995461763
59,HrcA,WH,WH19-02,28,HG,HN,HNHG,0.426317446,4,4,0.1985,0.0694,0.3167,3.3029,0.1023,-2.5635,-0.1638,-9.8446,HSP Gene,-0.845270808
59,Hsp20,WH,WH19-02,28,HG,HN,HNHG,154.3434019,4,4,0.1985,0.0694,0.3167,3.3029,0.1023,-2.5635,-0.1638,-9.8446,HSP Gene,5.304608426
59,HspA,WH,WH19-02,28,HG,HN,HNHG,0.001210652,4,4,0.1985,0.0694,0.3167,3.3029,0.1023,-2.5635,-0.1638,-9.8446,HSP Gene,-6.280842525
59,HtpG,WH,WH19-02,28,HG,HN,HNHG,0.510506063,4,4,0.1985,0.0694,0.3167,3.3029,0.1023,-2.5635,-0.1638,-9.8446,HSP Gene,-0.667807124
60,ClpB,WH,WH19-04,28,HG,HN,HNHG,0.582366793,3,3,0.2192,0.227,0.2192,0.227,-0.0322,-5.787,-0.1127,-7.7128,HSP Gene,-0.53771292
60,DnaJ,WH,WH19-04,28,HG,HN,HNHG,1.319507911,3,3,0.2192,0.227,0.2192,0.227,-0.0322,-5.787,-0.1127,-7.7128,HSP Gene,0.278036814
60,DnaK-fp,WH,WH19-04,28,HG,HN,HNHG,0.687770909,3,3,0.2192,0.227,0.2192,0.227,-0.0322,-5.787,-0.1127,-7.7128,HSP Gene,-0.372887885
60,DnaK1,WH,WH19-04,28,HG,HN,HNHG,2.345669898,3,3,0.2192,0.227,0.2192,0.227,-0.0322,-5.787,-0.1127,-7.7128,HSP Gene,0.859955563
60,DnaK3,WH,WH19-04,28,HG,HN,HNHG,0.895025071,3,3,0.2192,0.227,0.2192,0.227,-0.0322,-5.787,-0.1127,-7.7128,HSP Gene,-0.110779403
60,GroEL,WH,WH19-04,28,HG,HN,HNHG,0.646176415,3,3,0.2192,0.227,0.2192,0.227,-0.0322,-5.787,-0.1127,-7.7128,HSP Gene,-0.434762196
60,GroES,WH,WH19-04,28,HG,HN,HNHG,0.697371833,3,3,0.2192,0.227,0.2192,0.227,-0.0322,-5.787,-0.1127,-7.7128,HSP Gene,-0.359127446
60,GrpE,WH,WH19-04,28,HG,HN,HNHG,2.056227653,3,3,0.2192,0.227,0.2192,0.227,-0.0322,-5.787,-0.1127,-7.7128,HSP Gene,0.726147712
60,Hep,WH,WH19-04,28,HG,HN,HNHG,0.486327474,3,3,0.2192,0.227,0.2192,0.227,-0.0322,-5.787,-0.1127,-7.7128,Toxin Gene,-0.715649385
60,HrcA,WH,WH19-04,28,HG,HN,HNHG,1.231144413,3,3,0.2192,0.227,0.2192,0.227,-0.0322,-5.787,-0.1127,-7.7128,HSP Gene,0.208381542
60,Hsp20,WH,WH19-04,28,HG,HN,HNHG,2.345669898,3,3,0.2192,0.227,0.2192,0.227,-0.0322,-5.787,-0.1127,-7.7128,HSP Gene,0.859955563
60,HspA,WH,WH19-04,28,HG,HN,HNHG,0.920187651,3,3,0.2192,0.227,0.2192,0.227,-0.0322,-5.787,-0.1127,-7.7128,HSP Gene,-0.083107816
60,HtpG,WH,WH19-04,28,HG,HN,HNHG,0.558643569,3,3,0.2192,0.227,0.2192,0.227,-0.0322,-5.787,-0.1127,-7.7128,HSP Gene,-0.578832699
61,ClpB,AR,AR19-01,32,LG,HN,HNLG,0.001953125,5,none,0.7039,1.4866,0,-1.4709,0,-0.093,0.7039,1.4753,HSP Gene,-5.861232878
61,DnaJ,AR,AR19-01,32,LG,HN,HNLG,0.230046913,5,none,0.7039,1.4866,0,-1.4709,0,-0.093,0.7039,1.4753,HSP Gene,-1.447874668
61,DnaK-fp,AR,AR19-01,32,LG,HN,HNLG,0.090873282,5,none,0.7039,1.4866,0,-1.4709,0,-0.093,0.7039,1.4753,HSP Gene,-2.341117393
61,DnaK1,AR,AR19-01,32,LG,HN,HNLG,9.126109727,5,none,0.7039,1.4866,0,-1.4709,0,-0.093,0.7039,1.4753,HSP Gene,2.261268361
61,DnaK3,AR,AR19-01,32,LG,HN,HNLG,0.136786713,5,none,0.7039,1.4866,0,-1.4709,0,-0.093,0.7039,1.4753,HSP Gene,-1.949888394
61,GroEL,AR,AR19-01,32,LG,HN,HNLG,0.223756268,5,none,0.7039,1.4866,0,-1.4709,0,-0.093,0.7039,1.4753,HSP Gene,-1.474782037
61,GroES,AR,AR19-01,32,LG,HN,HNLG,0.366021424,5,none,0.7039,1.4866,0,-1.4709,0,-0.093,0.7039,1.4753,HSP Gene,-0.994928561
61,GrpE,AR,AR19-01,32,LG,HN,HNLG,0.510506063,5,none,0.7039,1.4866,0,-1.4709,0,-0.093,0.7039,1.4753,HSP Gene,-0.667807124
61,Hep,AR,AR19-01,32,LG,HN,HNLG,0.009019147,5,none,0.7039,1.4866,0,-1.4709,0,-0.093,0.7039,1.4753,Toxin Gene,-4.491409791
61,HrcA,AR,AR19-01,32,LG,HN,HNLG,0.064257114,5,none,0.7039,1.4866,0,-1.4709,0,-0.093,0.7039,1.4753,HSP Gene,-2.67014649
61,Hsp20,AR,AR19-01,32,LG,HN,HNLG,9.126109727,5,none,0.7039,1.4866,0,-1.4709,0,-0.093,0.7039,1.4753,HSP Gene,2.261268361
61,HspA,AR,AR19-01,32,LG,HN,HNLG,1402.735055,5,none,0.7039,1.4866,0,-1.4709,0,-0.093,0.7039,1.4753,HSP Gene,7.80340973
61,HtpG,AR,AR19-01,32,LG,HN,HNLG,1.670175839,5,none,0.7039,1.4866,0,-1.4709,0,-0.093,0.7039,1.4753,HSP Gene,0.515595653
63,ClpB,BU,BU19-02,32,LG,LN,LNLG,1.375541818,5,none,0.1023,-0.09422,0.0616,-0.7175,0.0889,-0.6387,0.1531,-0.4536,HSP Gene,0.319876819
63,DnaJ,BU,BU19-02,32,LG,LN,LNLG,1.274560627,5,none,0.1023,-0.09422,0.0616,-0.7175,0.0889,-0.6387,0.1531,-0.4536,HSP Gene,0.243196985
63,DnaK-fp,BU,BU19-02,32,LG,LN,LNLG,1.2397077,5,none,0.1023,-0.09422,0.0616,-0.7175,0.0889,-0.6387,0.1531,-0.4536,HSP Gene,0.215342681
63,DnaK1,BU,BU19-02,32,LG,LN,LNLG,4.626752736,5,none,0.1023,-0.09422,0.0616,-0.7175,0.0889,-0.6387,0.1531,-0.4536,HSP Gene,1.555804514
63,DnaK3,BU,BU19-02,32,LG,LN,LNLG,1.035264924,5,none,0.1023,-0.09422,0.0616,-0.7175,0.0889,-0.6387,0.1531,-0.4536,HSP Gene,0.034669495
63,GroEL,BU,BU19-02,32,LG,LN,LNLG,0.628506687,5,none,0.1023,-0.09422,0.0616,-0.7175,0.0889,-0.6387,0.1531,-0.4536,HSP Gene,-0.462236869
63,GroES,BU,BU19-02,32,LG,LN,LNLG,0.594603558,5,none,0.1023,-0.09422,0.0616,-0.7175,0.0889,-0.6387,0.1531,-0.4536,HSP Gene,-0.517140069
63,GrpE,BU,BU19-02,32,LG,LN,LNLG,1.905275996,5,none,0.1023,-0.09422,0.0616,-0.7175,0.0889,-0.6387,0.1531,-0.4536,HSP Gene,0.64884257
63,Hep,BU,BU19-02,32,LG,LN,LNLG,0.784584098,5,none,0.1023,-0.09422,0.0616,-0.7175,0.0889,-0.6387,0.1531,-0.4536,Toxin Gene,-0.242007983
63,HrcA,BU,BU19-02,32,LG,LN,LNLG,1.071773463,5,none,0.1023,-0.09422,0.0616,-0.7175,0.0889,-0.6387,0.1531,-0.4536,HSP Gene,0.069363272
63,Hsp20,BU,BU19-02,32,LG,LN,LNLG,4.626752736,5,none,0.1023,-0.09422,0.0616,-0.7175,0.0889,-0.6387,0.1531,-0.4536,HSP Gene,1.555804514
63,HspA,BU,BU19-02,32,LG,LN,LNLG,124.4998333,5,none,0.1023,-0.09422,0.0616,-0.7175,0.0889,-0.6387,0.1531,-0.4536,HSP Gene,5.067221522
63,HtpG,BU,BU19-02,32,LG,LN,LNLG,2.411615655,5,none,0.1023,-0.09422,0.0616,-0.7175,0.0889,-0.6387,0.1531,-0.4536,HSP Gene,0.888171029
64,ClpB,BU,BU19-04,32,LG,LN,LNLG,0.033031814,5,none,0.2056,0.5442,0.2682,2.5886,0.1547,-1.1205,0.0065,-5.9579,HSP Gene,-3.295460961
64,DnaJ,BU,BU19-04,32,LG,LN,LNLG,44.5683688,5,none,0.2056,0.5442,0.2682,2.5886,0.1547,-1.1205,0.0065,-5.9579,HSP Gene,3.946450797
64,DnaK-fp,BU,BU19-04,32,LG,LN,LNLG,13.43065684,5,none,0.2056,0.5442,0.2682,2.5886,0.1547,-1.1205,0.0065,-5.9579,HSP Gene,2.66690153
64,DnaK1,BU,BU19-04,32,LG,LN,LNLG,0.005190179,5,none,0.2056,0.5442,0.2682,2.5886,0.1547,-1.1205,0.0065,-5.9579,HSP Gene,-4.991058479
64,DnaK3,BU,BU19-04,32,LG,LN,LNLG,6.430762039,5,none,0.2056,0.5442,0.2682,2.5886,0.1547,-1.1205,0.0065,-5.9579,HSP Gene,1.896522208
64,GroEL,BU,BU19-04,32,LG,LN,LNLG,22.09698162,5,none,0.2056,0.5442,0.2682,2.5886,0.1547,-1.1205,0.0065,-5.9579,HSP Gene,3.194275829
64,GroES,BU,BU19-04,32,LG,LN,LNLG,1.101905116,5,none,0.2056,0.5442,0.2682,2.5886,0.1547,-1.1205,0.0065,-5.9579,HSP Gene,0.097135788
64,GrpE,BU,BU19-04,32,LG,LN,LNLG,4.625770217,5,none,0.2056,0.5442,0.2682,2.5886,0.1547,-1.1205,0.0065,-5.9579,HSP Gene,1.55558546
64,Hep,BU,BU19-04,32,LG,LN,LNLG,0.003897384,5,none,0.2056,0.5442,0.2682,2.5886,0.1547,-1.1205,0.0065,-5.9579,Toxin Gene,-5.247893291
64,HrcA,BU,BU19-04,32,LG,LN,LNLG,18.09377589,5,none,0.2056,0.5442,0.2682,2.5886,0.1547,-1.1205,0.0065,-5.9579,HSP Gene,2.981933833
64,Hsp20,BU,BU19-04,32,LG,LN,LNLG,0.005190179,5,none,0.2056,0.5442,0.2682,2.5886,0.1547,-1.1205,0.0065,-5.9579,HSP Gene,-4.991058479
64,HspA,BU,BU19-04,32,LG,LN,LNLG,0.32891516,5,none,0.2056,0.5442,0.2682,2.5886,0.1547,-1.1205,0.0065,-5.9579,HSP Gene,-1.099559087
64,HtpG,BU,BU19-04,32,LG,LN,LNLG,2.394957409,5,none,0.2056,0.5442,0.2682,2.5886,0.1547,-1.1205,0.0065,-5.9579,HSP Gene,0.881115681
67,ClpB,CR,CR19-05,32,LG,LN,LNLG,0.26061644,4,4,0.2569,1.0203,0.231,0.3083,0.278,1.6001,-0.3191,-14.8326,HSP Gene,-1.326604829
67,DnaJ,CR,CR19-05,32,LG,LN,LNLG,0.641712949,4,4,0.2569,1.0203,0.231,0.3083,0.278,1.6001,-0.3191,-14.8326,HSP Gene,-0.441632306
67,DnaK-fp,CR,CR19-05,32,LG,LN,LNLG,0.346277367,4,4,0.2569,1.0203,0.231,0.3083,0.278,1.6001,-0.3191,-14.8326,HSP Gene,-1.049235355
67,DnaK1,CR,CR19-05,32,LG,LN,LNLG,315.1729698,4,4,0.2569,1.0203,0.231,0.3083,0.278,1.6001,-0.3191,-14.8326,HSP Gene,6.100786583
67,DnaK3,CR,CR19-05,32,LG,LN,LNLG,0.570381858,4,4,0.2569,1.0203,0.231,0.3083,0.278,1.6001,-0.3191,-14.8326,HSP Gene,-0.558277127
67,GroEL,CR,CR19-05,32,LG,LN,LNLG,0.692554734,4,4,0.2569,1.0203,0.231,0.3083,0.278,1.6001,-0.3191,-14.8326,HSP Gene,-0.366008147
67,GroES,CR,CR19-05,32,LG,LN,LNLG,0.61985385,4,4,0.2569,1.0203,0.231,0.3083,0.278,1.6001,-0.3191,-14.8326,HSP Gene,-0.475968436
67,GrpE,CR,CR19-05,32,LG,LN,LNLG,0.275476279,4,4,0.2569,1.0203,0.231,0.3083,0.278,1.6001,-0.3191,-14.8326,HSP Gene,-1.272608928
67,Hep,CR,CR19-05,32,LG,LN,LNLG,0.018710605,4,4,0.2569,1.0203,0.231,0.3083,0.278,1.6001,-0.3191,-14.8326,Toxin Gene,-3.822967391
67,HrcA,CR,CR19-05,32,LG,LN,LNLG,1.125058485,4,4,0.2569,1.0203,0.231,0.3083,0.278,1.6001,-0.3191,-14.8326,HSP Gene,0.117975386
67,Hsp20,CR,CR19-05,32,LG,LN,LNLG,315.1729698,4,4,0.2569,1.0203,0.231,0.3083,0.278,1.6001,-0.3191,-14.8326,HSP Gene,6.100786583
67,HspA,CR,CR19-05,32,LG,LN,LNLG,2.445280555,4,4,0.2569,1.0203,0.231,0.3083,0.278,1.6001,-0.3191,-14.8326,HSP Gene,0.902284689
67,HtpG,CR,CR19-05,32,LG,LN,LNLG,0.63263357,4,4,0.2569,1.0203,0.231,0.3083,0.278,1.6001,-0.3191,-14.8326,HSP Gene,-0.455752848
70,ClpB,FA,FA19-02,32,HG,HN,HNHG,0.046262916,3,3,0.23,-0.2312,0.23,-0.2312,-0.1937,-2.8269,0.0296,-1.4589,HSP Gene,-2.979946116
70,DnaJ,FA,FA19-02,32,HG,HN,HNHG,1.321338406,3,3,0.23,-0.2312,0.23,-0.2312,-0.1937,-2.8269,0.0296,-1.4589,HSP Gene,0.279430915
70,DnaK-fp,FA,FA19-02,32,HG,HN,HNHG,1.274560627,3,3,0.23,-0.2312,0.23,-0.2312,-0.1937,-2.8269,0.0296,-1.4589,HSP Gene,0.243196985
70,DnaK1,FA,FA19-02,32,HG,HN,HNHG,0.963800194,3,3,0.23,-0.2312,0.23,-0.2312,-0.1937,-2.8269,0.0296,-1.4589,HSP Gene,-0.036857545
70,DnaK3,FA,FA19-02,32,HG,HN,HNHG,1.038139271,3,3,0.23,-0.2312,0.23,-0.2312,-0.1937,-2.8269,0.0296,-1.4589,HSP Gene,0.037444103
70,GroEL,FA,FA19-02,32,HG,HN,HNHG,0.308640652,3,3,0.23,-0.2312,0.23,-0.2312,-0.1937,-2.8269,0.0296,-1.4589,HSP Gene,-1.16172805
70,GroES,FA,FA19-02,32,HG,HN,HNHG,0.342933322,3,3,0.23,-0.2312,0.23,-0.2312,-0.1937,-2.8269,0.0296,-1.4589,HSP Gene,-1.058732791
70,GrpE,FA,FA19-02,32,HG,HN,HNHG,0.353553391,3,3,0.23,-0.2312,0.23,-0.2312,-0.1937,-2.8269,0.0296,-1.4589,HSP Gene,-1.028877435
70,Hep,FA,FA19-02,32,HG,HN,HNHG,0.003335225,3,3,0.23,-0.2312,0.23,-0.2312,-0.1937,-2.8269,0.0296,-1.4589,Toxin Gene,-5.386925952
70,HrcA,FA,FA19-02,32,HG,HN,HNHG,11.48755608,3,3,0.23,-0.2312,0.23,-0.2312,-0.1937,-2.8269,0.0296,-1.4589,HSP Gene,2.50246606
70,Hsp20,FA,FA19-02,32,HG,HN,HNHG,0.133230842,3,3,0.23,-0.2312,0.23,-0.2312,-0.1937,-2.8269,0.0296,-1.4589,HSP Gene,-1.975183697
70,HspA,FA,FA19-02,32,HG,HN,HNHG,0.038313589,3,3,0.23,-0.2312,0.23,-0.2312,-0.1937,-2.8269,0.0296,-1.4589,HSP Gene,-3.156795116
70,HtpG,FA,FA19-02,32,HG,HN,HNHG,1.782620992,3,3,0.23,-0.2312,0.23,-0.2312,-0.1937,-2.8269,0.0296,-1.4589,HSP Gene,0.581473503
71,ClpB,FA,FA19-05,32,HG,HN,HNHG,0.01551707,3,3,0.2797,0.218,0.2797,0.218,-0.0405,-2.0363,-0.0216,-1.9032,HSP Gene,-3.995337217
71,DnaJ,FA,FA19-05,32,HG,HN,HNHG,1.197478705,3,3,0.2797,0.218,0.2797,0.218,-0.0405,-2.0363,-0.0216,-1.9032,HSP Gene,0.180546733
71,DnaK-fp,FA,FA19-05,32,HG,HN,HNHG,0.646176415,3,3,0.2797,0.218,0.2797,0.218,-0.0405,-2.0363,-0.0216,-1.9032,HSP Gene,-0.434762196
71,DnaK1,FA,FA19-05,32,HG,HN,HNHG,0.228724845,3,3,0.2797,0.218,0.2797,0.218,-0.0405,-2.0363,-0.0216,-1.9032,HSP Gene,-1.453469286
71,DnaK3,FA,FA19-05,32,HG,HN,HNHG,1.375541818,3,3,0.2797,0.218,0.2797,0.218,-0.0405,-2.0363,-0.0216,-1.9032,HSP Gene,0.319876819
71,GroEL,FA,FA19-05,32,HG,HN,HNHG,2.0139111,3,3,0.2797,0.218,0.2797,0.218,-0.0405,-2.0363,-0.0216,-1.9032,HSP Gene,0.705052681
71,GroES,FA,FA19-05,32,HG,HN,HNHG,2,3,3,0.2797,0.218,0.2797,0.218,-0.0405,-2.0363,-0.0216,-1.9032,HSP Gene,0.698022973
71,GrpE,FA,FA19-05,32,HG,HN,HNHG,1.45E-06,3,3,0.2797,0.218,0.2797,0.218,-0.0405,-2.0363,-0.0216,-1.9032,HSP Gene,-11.77293352
71,Hep,FA,FA19-05,32,HG,HN,HNHG,0.773782497,3,3,0.2797,0.218,0.2797,0.218,-0.0405,-2.0363,-0.0216,-1.9032,Toxin Gene,-0.255801218
71,HrcA,FA,FA19-05,32,HG,HN,HNHG,146445.0598,3,3,0.2797,0.218,0.2797,0.218,-0.0405,-2.0363,-0.0216,-1.9032,HSP Gene,13.44514874
71,Hsp20,FA,FA19-05,32,HG,HN,HNHG,4.54E-06,3,3,0.2797,0.218,0.2797,0.218,-0.0405,-2.0363,-0.0216,-1.9032,HSP Gene,-10.89292197
71,HspA,FA,FA19-05,32,HG,HN,HNHG,178.5271893,3,3,0.2797,0.218,0.2797,0.218,-0.0405,-2.0363,-0.0216,-1.9032,HSP Gene,5.466005383
71,HtpG,FA,FA19-05,32,HG,HN,HNHG,166.5717575,3,3,0.2797,0.218,0.2797,0.218,-0.0405,-2.0363,-0.0216,-1.9032,HSP Gene,5.389090497
72,ClpB,FA,FA19-06,32,HG,HN,HNHG,0.314253344,3,3,0.1541,0.5245,0.1541,0.5245,-0.1616,-2.2353,0.2096,1.0099,HSP Gene,-1.144125978
72,DnaJ,FA,FA19-06,32,HG,HN,HNHG,0.907519155,3,3,0.1541,0.5245,0.1541,0.5245,-0.1616,-2.2353,0.2096,1.0099,HSP Gene,-0.096945548
72,DnaK-fp,FA,FA19-06,32,HG,HN,HNHG,1.021012126,3,3,0.1541,0.5245,0.1541,0.5245,-0.1616,-2.2353,0.2096,1.0099,HSP Gene,0.020798784
72,DnaK1,FA,FA19-06,32,HG,HN,HNHG,3.810551992,3,3,0.1541,0.5245,0.1541,0.5245,-0.1616,-2.2353,0.2096,1.0099,HSP Gene,1.35601518
72,DnaK3,FA,FA19-06,32,HG,HN,HNHG,1.2397077,3,3,0.1541,0.5245,0.1541,0.5245,-0.1616,-2.2353,0.2096,1.0099,HSP Gene,0.215342681
72,GroEL,FA,FA19-06,32,HG,HN,HNHG,0.194791145,3,3,0.1541,0.5245,0.1541,0.5245,-0.1616,-2.2353,0.2096,1.0099,HSP Gene,-1.609093044
72,GroES,FA,FA19-06,32,HG,HN,HNHG,0.22221067,3,3,0.1541,0.5245,0.1541,0.5245,-0.1616,-2.2353,0.2096,1.0099,HSP Gene,-1.481506527
72,GrpE,FA,FA19-06,32,HG,HN,HNHG,2.128740365,3,3,0.1541,0.5245,0.1541,0.5245,-0.1616,-2.2353,0.2096,1.0099,HSP Gene,0.761325796
72,Hep,FA,FA19-06,32,HG,HN,HNHG,3.810551992,3,3,0.1541,0.5245,0.1541,0.5245,-0.1616,-2.2353,0.2096,1.0099,Toxin Gene,1.35601518
72,HrcA,FA,FA19-06,32,HG,HN,HNHG,0.965936329,3,3,0.1541,0.5245,0.1541,0.5245,-0.1616,-2.2353,0.2096,1.0099,HSP Gene,-0.034645229
72,Hsp20,FA,FA19-06,32,HG,HN,HNHG,3.810551992,3,3,0.1541,0.5245,0.1541,0.5245,-0.1616,-2.2353,0.2096,1.0099,HSP Gene,1.35601518
72,HspA,FA,FA19-06,32,HG,HN,HNHG,1.777685362,3,3,0.1541,0.5245,0.1541,0.5245,-0.1616,-2.2353,0.2096,1.0099,HSP Gene,0.578668423
72,HtpG,FA,FA19-06,32,HG,HN,HNHG,0.476318999,3,3,0.1541,0.5245,0.1541,0.5245,-0.1616,-2.2353,0.2096,1.0099,HSP Gene,-0.736138861
73,ClpB,G,G19-01,32,LG,LN,LNLG,44.99687254,2,2,-0.034,-1.3533,-0.1668,-2.7236,0.0671,-0.3102,-0.0588,-1.6098,HSP Gene,3.956783265
73,DnaJ,G,G19-01,32,LG,LN,LNLG,2.620786808,2,2,-0.034,-1.3533,-0.1668,-2.7236,0.0671,-0.3102,-0.0588,-1.6098,HSP Gene,0.972912313
73,DnaK-fp,G,G19-01,32,LG,LN,LNLG,1.424050196,2,2,-0.034,-1.3533,-0.1668,-2.7236,0.0671,-0.3102,-0.0588,-1.6098,HSP Gene,0.354770354
73,DnaK1,G,G19-01,32,LG,LN,LNLG,3.801972535,2,2,-0.034,-1.3533,-0.1668,-2.7236,0.0671,-0.3102,-0.0588,-1.6098,HSP Gene,1.353699447
73,DnaK3,G,G19-01,32,LG,LN,LNLG,1.310393404,2,2,-0.034,-1.3533,-0.1668,-2.7236,0.0671,-0.3102,-0.0588,-1.6098,HSP Gene,0.271066897
73,GroEL,G,G19-01,32,LG,LN,LNLG,1,2,2,-0.034,-1.3533,-0.1668,-2.7236,0.0671,-0.3102,-0.0588,-1.6098,HSP Gene,0
73,GroES,G,G19-01,32,LG,LN,LNLG,1.180992661,2,2,-0.034,-1.3533,-0.1668,-2.7236,0.0671,-0.3102,-0.0588,-1.6098,HSP Gene,0.166635173
73,GrpE,G,G19-01,32,LG,LN,LNLG,0.52850902,2,2,-0.034,-1.3533,-0.1668,-2.7236,0.0671,-0.3102,-0.0588,-1.6098,HSP Gene,-0.633605359
73,Hep,G,G19-01,32,LG,LN,LNLG,4.531535541,2,2,-0.034,-1.3533,-0.1668,-2.7236,0.0671,-0.3102,-0.0588,-1.6098,Toxin Gene,1.534361026
73,HrcA,G,G19-01,32,LG,LN,LNLG,0.384218795,2,2,-0.034,-1.3533,-0.1668,-2.7236,0.0671,-0.3102,-0.0588,-1.6098,HSP Gene,-0.947360187
73,Hsp20,G,G19-01,32,LG,LN,LNLG,4.531535541,2,2,-0.034,-1.3533,-0.1668,-2.7236,0.0671,-0.3102,-0.0588,-1.6098,HSP Gene,1.534361026
73,HspA,G,G19-01,32,LG,LN,LNLG,4.531535541,2,2,-0.034,-1.3533,-0.1668,-2.7236,0.0671,-0.3102,-0.0588,-1.6098,HSP Gene,1.534361026
73,HtpG,G,G19-01,32,LG,LN,LNLG,205.8940499,2,2,-0.034,-1.3533,-0.1668,-2.7236,0.0671,-0.3102,-0.0588,-1.6098,HSP Gene,5.624603367
74,ClpB,G,G19-02,32,LG,LN,LNLG,0.217406069,2,2,-0.012,-1.4115,-0.2699,-4.6024,0.198,1.1868,0,-1.2633,HSP Gene,-1.502706626
74,DnaJ,G,G19-02,32,LG,LN,LNLG,1.101618027,2,2,-0.012,-1.4115,-0.2699,-4.6024,0.198,1.1868,0,-1.2633,HSP Gene,0.096874704
74,DnaK-fp,G,G19-02,32,LG,LN,LNLG,0.012225921,2,2,-0.012,-1.4115,-0.2699,-4.6024,0.198,1.1868,0,-1.2633,HSP Gene,-4.213952003
74,DnaK1,G,G19-02,32,LG,LN,LNLG,112.7356379,2,2,-0.012,-1.4115,-0.2699,-4.6024,0.198,1.1868,0,-1.2633,HSP Gene,4.957911433
74,DnaK3,G,G19-02,32,LG,LN,LNLG,0.503670747,2,2,-0.012,-1.4115,-0.2699,-4.6024,0.198,1.1868,0,-1.2633,HSP Gene,-0.681103198
74,GroEL,G,G19-02,32,LG,LN,LNLG,0.003598758,2,2,-0.012,-1.4115,-0.2699,-4.6024,0.198,1.1868,0,-1.2633,HSP Gene,-5.31910129
74,GroES,G,G19-02,32,LG,LN,LNLG,0.300557783,2,2,-0.012,-1.4115,-0.2699,-4.6024,0.198,1.1868,0,-1.2633,HSP Gene,-1.187635923
74,GrpE,G,G19-02,32,LG,LN,LNLG,0.025630076,2,2,-0.012,-1.4115,-0.2699,-4.6024,0.198,1.1868,0,-1.2633,HSP Gene,-3.53166941
74,Hep,G,G19-02,32,LG,LN,LNLG,0.085824979,2,2,-0.012,-1.4115,-0.2699,-4.6024,0.198,1.1868,0,-1.2633,Toxin Gene,-2.395538697
74,HrcA,G,G19-02,32,LG,LN,LNLG,0.270202207,2,2,-0.012,-1.4115,-0.2699,-4.6024,0.198,1.1868,0,-1.2633,HSP Gene,-1.291439195
74,Hsp20,G,G19-02,32,LG,LN,LNLG,116.7390042,2,2,-0.012,-1.4115,-0.2699,-4.6024,0.198,1.1868,0,-1.2633,HSP Gene,4.996315177
74,HspA,G,G19-02,32,LG,LN,LNLG,6.548817784,2,2,-0.012,-1.4115,-0.2699,-4.6024,0.198,1.1868,0,-1.2633,HSP Gene,1.915414159
74,HtpG,G,G19-02,32,LG,LN,LNLG,0.032700337,2,2,-0.012,-1.4115,-0.2699,-4.6024,0.198,1.1868,0,-1.2633,HSP Gene,-3.30487433
75,ClpB,SM,SM19-01,32,HG,HN,HNHG,0.004742949,3,3,0.0595,-0.0363,0.0595,-0.0363,-0.0231,-0.4449,-0.0209,-0.4341,HSP Gene,-5.072008217
75,DnaJ,SM,SM19-01,32,HG,HN,HNHG,0.972654947,3,3,0.0595,-0.0363,0.0595,-0.0363,-0.0231,-0.4449,-0.0209,-0.4341,HSP Gene,-0.027718124
75,DnaK-fp,SM,SM19-01,32,HG,HN,HNHG,0.236514412,3,3,0.0595,-0.0363,0.0595,-0.0363,-0.0231,-0.4449,-0.0209,-0.4341,HSP Gene,-1.420952224
75,DnaK1,SM,SM19-01,32,HG,HN,HNHG,3.235668186,3,3,0.0595,-0.0363,0.0595,-0.0363,-0.0231,-0.4449,-0.0209,-0.4341,HSP Gene,1.188273806
75,DnaK3,SM,SM19-01,32,HG,HN,HNHG,0.852634892,3,3,0.0595,-0.0363,0.0595,-0.0363,-0.0231,-0.4449,-0.0209,-0.4341,HSP Gene,-0.1591674
75,GroEL,SM,SM19-01,32,HG,HN,HNHG,0.40332088,3,3,0.0595,-0.0363,0.0595,-0.0363,-0.0231,-0.4449,-0.0209,-0.4341,HSP Gene,-0.89974516
75,GroES,SM,SM19-01,32,HG,HN,HNHG,0.570381858,3,3,0.0595,-0.0363,0.0595,-0.0363,-0.0231,-0.4449,-0.0209,-0.4341,HSP Gene,-0.558277127
75,GrpE,SM,SM19-01,32,HG,HN,HNHG,0.126744935,3,3,0.0595,-0.0363,0.0595,-0.0363,-0.0231,-0.4449,-0.0209,-0.4341,HSP Gene,-2.02307474
75,Hep,SM,SM19-01,32,HG,HN,HNHG,0.795536484,3,3,0.0595,-0.0363,0.0595,-0.0363,-0.0231,-0.4449,-0.0209,-0.4341,Toxin Gene,-0.228210884
75,HrcA,SM,SM19-01,32,HG,HN,HNHG,0.236514412,3,3,0.0595,-0.0363,0.0595,-0.0363,-0.0231,-0.4449,-0.0209,-0.4341,HSP Gene,-1.420952224
75,Hsp20,SM,SM19-01,32,HG,HN,HNHG,0.795536484,3,3,0.0595,-0.0363,0.0595,-0.0363,-0.0231,-0.4449,-0.0209,-0.4341,HSP Gene,-0.228210884
75,HspA,SM,SM19-01,32,HG,HN,HNHG,0.033492921,3,3,0.0595,-0.0363,0.0595,-0.0363,-0.0231,-0.4449,-0.0209,-0.4341,HSP Gene,-3.282519129
75,HtpG,SM,SM19-01,32,HG,HN,HNHG,0.489710149,3,3,0.0595,-0.0363,0.0595,-0.0363,-0.0231,-0.4449,-0.0209,-0.4341,HSP Gene,-0.708817647
76,ClpB,SM,SM19-03,32,LG,HN,HNLG,0.835087919,3,3,0.5297,1.3033,0.5297,1.3033,-0.0041,-1.2983,-0.124,-1.8826,HSP Gene,-0.179890598
76,DnaJ,SM,SM19-03,32,LG,HN,HNLG,0.823591017,3,3,0.5297,1.3033,0.5297,1.3033,-0.0041,-1.2983,-0.124,-1.8826,HSP Gene,-0.193701228
76,DnaK-fp,SM,SM19-03,32,LG,HN,HNLG,0.655196702,3,3,0.5297,1.3033,0.5297,1.3033,-0.0041,-1.2983,-0.124,-1.8826,HSP Gene,-0.421019087
76,DnaK1,SM,SM19-03,32,LG,HN,HNLG,0.13490353,3,3,0.5297,1.3033,0.5297,1.3033,-0.0041,-1.2983,-0.124,-1.8826,HSP Gene,-1.963203387
76,DnaK3,SM,SM19-03,32,LG,HN,HNLG,1.366040257,3,3,0.5297,1.3033,0.5297,1.3033,-0.0041,-1.2983,-0.124,-1.8826,HSP Gene,0.312901044
76,GroEL,SM,SM19-03,32,LG,HN,HNLG,1.319507911,3,3,0.5297,1.3033,0.5297,1.3033,-0.0041,-1.2983,-0.124,-1.8826,HSP Gene,0.278036814
76,GroES,SM,SM19-03,32,LG,HN,HNLG,1.231144413,3,3,0.5297,1.3033,0.5297,1.3033,-0.0041,-1.2983,-0.124,-1.8826,HSP Gene,0.208381542
76,GrpE,SM,SM19-03,32,LG,HN,HNLG,0.726986259,3,3,0.5297,1.3033,0.5297,1.3033,-0.0041,-1.2983,-0.124,-1.8826,HSP Gene,-0.317822996
76,Hep,SM,SM19-03,32,LG,HN,HNLG,0.057511728,3,3,0.5297,1.3033,0.5297,1.3033,-0.0041,-1.2983,-0.124,-1.8826,Toxin Gene,-2.774950191
76,HrcA,SM,SM19-03,32,LG,HN,HNLG,0.61985385,3,3,0.5297,1.3033,0.5297,1.3033,-0.0041,-1.2983,-0.124,-1.8826,HSP Gene,-0.475968436
76,Hsp20,SM,SM19-03,32,LG,HN,HNLG,0.13490353,3,3,0.5297,1.3033,0.5297,1.3033,-0.0041,-1.2983,-0.124,-1.8826,HSP Gene,-1.963203387
76,HspA,SM,SM19-03,32,LG,HN,HNLG,1.404444876,3,3,0.5297,1.3033,0.5297,1.3033,-0.0041,-1.2983,-0.124,-1.8826,HSP Gene,0.340810008
76,HtpG,SM,SM19-03,32,LG,HN,HNLG,1.337927555,3,3,0.5297,1.3033,0.5297,1.3033,-0.0041,-1.2983,-0.124,-1.8826,HSP Gene,0.291979577
77,ClpB,SM,SM19-04,32,LG,HN,HNLG,0.673530205,3,3,0.264,-0.007,0.264,-0.007,-0.0933,-3.4804,-0.0552,-3.1097,HSP Gene,-0.393648842
77,DnaJ,SM,SM19-04,32,LG,HN,HNLG,0.757858283,3,3,0.264,-0.007,0.264,-0.007,-0.0933,-3.4804,-0.0552,-3.1097,HSP Gene,-0.276483831
77,DnaK-fp,SM,SM19-04,32,LG,HN,HNLG,0.659753955,3,3,0.264,-0.007,0.264,-0.007,-0.0933,-3.4804,-0.0552,-3.1097,HSP Gene,-0.41414609
77,DnaK1,SM,SM19-04,32,LG,HN,HNLG,8.69E-05,3,3,0.264,-0.007,0.264,-0.007,-0.0933,-3.4804,-0.0552,-3.1097,HSP Gene,-8.520637835
77,DnaK3,SM,SM19-04,32,LG,HN,HNLG,0.801069878,3,3,0.264,-0.007,0.264,-0.007,-0.0933,-3.4804,-0.0552,-3.1097,HSP Gene,-0.221310885
77,GroEL,SM,SM19-04,32,LG,HN,HNLG,0.628506687,3,3,0.264,-0.007,0.264,-0.007,-0.0933,-3.4804,-0.0552,-3.1097,HSP Gene,-0.462236869
77,GroES,SM,SM19-04,32,LG,HN,HNLG,0.582366793,3,3,0.264,-0.007,0.264,-0.007,-0.0933,-3.4804,-0.0552,-3.1097,HSP Gene,-0.53771292
77,GrpE,SM,SM19-04,32,LG,HN,HNLG,1.328685814,3,3,0.264,-0.007,0.264,-0.007,-0.0933,-3.4804,-0.0552,-3.1097,HSP Gene,0.285007707
77,Hep,SM,SM19-04,32,LG,HN,HNLG,1.257013375,3,3,0.264,-0.007,0.264,-0.007,-0.0933,-3.4804,-0.0552,-3.1097,Toxin Gene,0.229267883
77,HrcA,SM,SM19-04,32,LG,HN,HNLG,0.38958229,3,3,0.264,-0.007,0.264,-0.007,-0.0933,-3.4804,-0.0552,-3.1097,HSP Gene,-0.933760655
77,Hsp20,SM,SM19-04,32,LG,HN,HNLG,8.69E-05,3,3,0.264,-0.007,0.264,-0.007,-0.0933,-3.4804,-0.0552,-3.1097,HSP Gene,-8.520637835
77,HspA,SM,SM19-04,32,LG,HN,HNLG,0.590496331,3,3,0.264,-0.007,0.264,-0.007,-0.0933,-3.4804,-0.0552,-3.1097,HSP Gene,-0.523998646
77,HtpG,SM,SM19-04,32,LG,HN,HNLG,0.823591017,3,3,0.264,-0.007,0.264,-0.007,-0.0933,-3.4804,-0.0552,-3.1097,HSP Gene,-0.193701228
78,ClpB,WH,WH19-01,32,LG,HN,HNLG,0.160552909,4,4,0.1578,-1.102,0.2222,-0.1979,0.1054,-1.8382,-0.0659,-4.2431,HSP Gene,-1.795749011
78,DnaJ,WH,WH19-01,32,LG,HN,HNLG,0.441351498,4,4,0.1578,-1.102,0.2222,-0.1979,0.1054,-1.8382,-0.0659,-4.2431,HSP Gene,-0.811193337
78,DnaK-fp,WH,WH19-01,32,LG,HN,HNLG,0.040643915,4,4,0.1578,-1.102,0.2222,-0.1979,0.1054,-1.8382,-0.0659,-4.2431,HSP Gene,-3.101483122
78,DnaK1,WH,WH19-01,32,LG,HN,HNLG,39.6706464,4,4,0.1578,-1.102,0.2222,-0.1979,0.1054,-1.8382,-0.0659,-4.2431,HSP Gene,3.82090446
78,DnaK3,WH,WH19-01,32,LG,HN,HNLG,0.262429171,4,4,0.1578,-1.102,0.2222,-0.1979,0.1054,-1.8382,-0.0659,-4.2431,HSP Gene,-1.319858647
78,GroEL,WH,WH19-01,32,LG,HN,HNLG,0.167240944,4,4,0.1578,-1.102,0.2222,-0.1979,0.1054,-1.8382,-0.0659,-4.2431,HSP Gene,-1.756401348
78,GroES,WH,WH19-01,32,LG,HN,HNLG,0.420448208,4,4,0.1578,-1.102,0.2222,-0.1979,0.1054,-1.8382,-0.0659,-4.2431,HSP Gene,-0.858895118
78,GrpE,WH,WH19-01,32,LG,HN,HNLG,0.578344092,4,4,0.1578,-1.102,0.2222,-0.1979,0.1054,-1.8382,-0.0659,-4.2431,HSP Gene,-0.544568615
78,Hep,WH,WH19-01,32,LG,HN,HNLG,0.000724865,4,4,0.1578,-1.102,0.2222,-0.1979,0.1054,-1.8382,-0.0659,-4.2431,Toxin Gene,-6.726375745
78,HrcA,WH,WH19-01,32,LG,HN,HNLG,0.152830035,4,4,0.1578,-1.102,0.2222,-0.1979,0.1054,-1.8382,-0.0659,-4.2431,HSP Gene,-1.843234089
78,Hsp20,WH,WH19-01,32,LG,HN,HNLG,39.6706464,4,4,0.1578,-1.102,0.2222,-0.1979,0.1054,-1.8382,-0.0659,-4.2431,HSP Gene,3.82090446
78,HspA,WH,WH19-01,32,LG,HN,HNLG,0.547824227,4,4,0.1578,-1.102,0.2222,-0.1979,0.1054,-1.8382,-0.0659,-4.2431,HSP Gene,-0.598157353
78,HtpG,WH,WH19-01,32,LG,HN,HNLG,1.356604327,4,4,0.1578,-1.102,0.2222,-0.1979,0.1054,-1.8382,-0.0659,-4.2431,HSP Gene,0.305926244
79,ClpB,WH,WH19-02,32,HG,HN,HNHG,0.223756268,4,4,0.146,-1.3689,0.2514,1.5151,0.0601,-3.7173,-0.0566,-6.9112,HSP Gene,-1.474782037
79,DnaJ,WH,WH19-02,32,HG,HN,HNHG,0.460093825,4,4,0.146,-1.3689,0.2514,1.5151,0.0601,-3.7173,-0.0566,-6.9112,HSP Gene,-0.770268864
79,DnaK-fp,WH,WH19-02,32,HG,HN,HNHG,0.162667732,4,4,0.146,-1.3689,0.2514,1.5151,0.0601,-3.7173,-0.0566,-6.9112,HSP Gene,-1.783135951
79,DnaK1,WH,WH19-02,32,HG,HN,HNHG,2.900823736,4,4,0.146,-1.3689,0.2514,1.5151,0.0601,-3.7173,-0.0566,-6.9112,HSP Gene,1.076534056
79,DnaK3,WH,WH19-02,32,HG,HN,HNHG,0.318640157,4,4,0.146,-1.3689,0.2514,1.5151,0.0601,-3.7173,-0.0566,-6.9112,HSP Gene,-1.130581562
79,GroEL,WH,WH19-02,32,HG,HN,HNHG,8.339726087,4,4,0.146,-1.3689,0.2514,1.5151,0.0601,-3.7173,-0.0566,-6.9112,HSP Gene,2.167128556
79,GroES,WH,WH19-02,32,HG,HN,HNHG,15.67072476,4,4,0.146,-1.3689,0.2514,1.5151,0.0601,-3.7173,-0.0566,-6.9112,HSP Gene,2.829720211
79,GrpE,WH,WH19-02,32,HG,HN,HNHG,0.460093825,4,4,0.146,-1.3689,0.2514,1.5151,0.0601,-3.7173,-0.0566,-6.9112,HSP Gene,-0.770268864
79,Hep,WH,WH19-02,32,HG,HN,HNHG,0.090245575,4,4,0.146,-1.3689,0.2514,1.5151,0.0601,-3.7173,-0.0566,-6.9112,Toxin Gene,-2.34772057
79,HrcA,WH,WH19-02,32,HG,HN,HNHG,0.210224104,4,4,0.146,-1.3689,0.2514,1.5151,0.0601,-3.7173,-0.0566,-6.9112,HSP Gene,-1.535268541
79,Hsp20,WH,WH19-02,32,HG,HN,HNHG,3.482202253,4,4,0.146,-1.3689,0.2514,1.5151,0.0601,-3.7173,-0.0566,-6.9112,HSP Gene,1.263521787
79,HspA,WH,WH19-02,32,HG,HN,HNHG,0.524858342,4,4,0.146,-1.3689,0.2514,1.5151,0.0601,-3.7173,-0.0566,-6.9112,HSP Gene,-0.640447627
79,HtpG,WH,WH19-02,32,HG,HN,HNHG,0.517632462,4,4,0.146,-1.3689,0.2514,1.5151,0.0601,-3.7173,-0.0566,-6.9112,HSP Gene,-0.654129291
80,ClpB,WH,WH19-04,32,HG,HN,HNHG,0.450625231,4,4,0.1566,-1.2721,0.3013,2.1888,0.0388,-4.0903,-0.0355,-5.8656,HSP Gene,-0.790735399
80,DnaJ,WH,WH19-04,32,HG,HN,HNHG,1.148698355,4,4,0.1566,-1.2721,0.3013,2.1888,0.0388,-4.0903,-0.0355,-5.8656,HSP Gene,0.13882374
80,DnaK-fp,WH,WH19-04,32,HG,HN,HNHG,0.5,4,4,0.1566,-1.2721,0.3013,2.1888,0.0388,-4.0903,-0.0355,-5.8656,HSP Gene,-0.688316693
80,DnaK1,WH,WH19-04,32,HG,HN,HNHG,2.099433367,4,4,0.1566,-1.2721,0.3013,2.1888,0.0388,-4.0903,-0.0355,-5.8656,HSP Gene,0.747251607
80,DnaK3,WH,WH19-04,32,HG,HN,HNHG,0.763129604,4,4,0.1566,-1.2721,0.3013,2.1888,0.0388,-4.0903,-0.0355,-5.8656,HSP Gene,-0.269590592
80,GroEL,WH,WH19-04,32,HG,HN,HNHG,0.668963777,4,4,0.1566,-1.2721,0.3013,2.1888,0.0388,-4.0903,-0.0355,-5.8656,HSP Gene,-0.400397206
80,GroES,WH,WH19-04,32,HG,HN,HNHG,1.101905116,4,4,0.1566,-1.2721,0.3013,2.1888,0.0388,-4.0903,-0.0355,-5.8656,HSP Gene,0.097135788
80,GrpE,WH,WH19-04,32,HG,HN,HNHG,1.515716567,4,4,0.1566,-1.2721,0.3013,2.1888,0.0388,-4.0903,-0.0355,-5.8656,HSP Gene,0.417640314
80,Hep,WH,WH19-04,32,HG,HN,HNHG,0.196146024,4,4,0.1566,-1.2721,0.3013,2.1888,0.0388,-4.0903,-0.0355,-5.8656,Toxin Gene,-1.602386426
80,HrcA,WH,WH19-04,32,HG,HN,HNHG,1.197478705,4,4,0.1566,-1.2721,0.3013,2.1888,0.0388,-4.0903,-0.0355,-5.8656,HSP Gene,0.180546733
80,Hsp20,WH,WH19-04,32,HG,HN,HNHG,2.099433367,4,4,0.1566,-1.2721,0.3013,2.1888,0.0388,-4.0903,-0.0355,-5.8656,HSP Gene,0.747251607
80,HspA,WH,WH19-04,32,HG,HN,HNHG,0.558643569,4,4,0.1566,-1.2721,0.3013,2.1888,0.0388,-4.0903,-0.0355,-5.8656,HSP Gene,-0.578832699
80,HtpG,WH,WH19-04,32,HG,HN,HNHG,0.570381858,4,4,0.1566,-1.2721,0.3013,2.1888,0.0388,-4.0903,-0.0355,-5.8656,HSP Gene,-0.558277127
